Time (us),Roll (deg),Pitch (deg),Yaw (deg),AccX (m/s/s),AccY (m/s/s),AccZ (m/s/s),Press (Pa),Temp (C),HGX (g),HGY (g),HGZ (g)
0,50.37,60.94,159.36,12.13,-4.80,0.03,101545.41,39.37,0.91,0.79,1.37
10292,50.35,60.94,159.33,12.14,-4.79,0.00,101544.30,39.37,0.96,0.75,1.41
20574,50.33,60.94,159.30,12.14,-4.77,-0.01,101544.50,39.37,0.70,1.05,1.69
30853,50.31,60.94,159.27,12.17,-4.78,-0.02,101546.47,39.37,1.08,0.91,1.90
41145,50.35,60.95,159.34,12.15,-4.80,-0.03,101546.62,39.37,0.88,0.81,1.51
51429,50.28,60.94,159.21,12.15,-4.78,-0.02,101545.74,39.37,1.07,0.94,0.89
61726,50.27,60.95,159.19,12.16,-4.80,-0.02,101544.02,39.37,1.11,0.93,1.04
72005,50.27,60.95,159.17,12.15,-4.78,-0.07,101545.33,39.37,1.00,0.85,1.07
82295,50.27,60.95,159.16,12.14,-4.76,-0.04,101544.21,39.37,1.02,0.95,1.23
92576,50.27,60.95,159.15,12.16,-4.77,-0.06,101542.63,39.37,1.03,0.89,1.03
102577,50.26,60.95,159.13,12.14,-4.77,-0.02,101543.49,39.37,0.95,0.92,1.22
112780,50.25,60.95,159.11,12.15,-4.76,-0.07,101544.92,39.37,0.85,0.89,1.61
123061,50.24,60.95,159.07,12.16,-4.75,-0.07,101545.98,39.37,1.07,0.72,1.46
133335,50.23,60.95,159.04,12.15,-4.74,-0.05,101546.27,39.37,1.07,0.89,1.39
143349,50.21,60.94,158.99,12.15,-4.74,-0.05,101544.96,39.37,1.04,1.00,1.41
153550,50.21,60.94,158.97,12.15,-4.74,-0.06,101545.51,39.37,0.83,1.02,1.10
163830,50.26,60.95,159.05,12.15,-4.75,-0.06,101544.38,39.37,0.95,1.02,1.04
174116,50.31,60.95,159.13,12.15,-4.77,-0.04,101544.54,39.37,0.97,0.91,1.19
184123,50.35,60.96,159.21,12.15,-4.80,-0.03,101544.16,39.37,1.01,0.96,1.49
194327,50.34,60.96,159.20,12.15,-4.77,-0.03,101541.84,39.37,1.26,0.82,1.59
204614,50.35,60.97,159.19,12.14,-4.79,-0.08,101543.67,39.37,0.92,0.87,1.29
214629,50.34,60.97,159.18,12.16,-4.76,-0.04,101544.01,39.37,1.00,0.92,1.39
224840,50.32,60.96,159.13,12.13,-4.77,-0.02,101544.55,39.37,0.83,0.85,0.94
235110,50.33,60.96,159.16,12.14,-4.76,-0.00,101545.44,39.37,1.14,0.87,1.17
245383,50.33,60.96,159.18,12.15,-4.77,0.00,101544.87,39.37,0.97,0.96,1.37
255386,50.35,60.96,159.20,12.14,-4.78,-0.01,101544.37,39.37,1.01,0.93,0.90
265590,50.37,60.97,159.26,12.27,-4.76,0.06,101544.55,39.37,0.91,0.85,1.27
275869,50.39,60.97,159.27,11.74,-4.92,-0.19,101544.17,39.37,0.30,1.38,1.35
286155,50.21,61.09,159.12,14.68,-4.91,0.70,101543.64,39.37,0.96,0.86,1.72
296168,50.65,61.62,159.59,160.51,-14.05,5.15,101546.04,39.37,22.86,-0.18,3.20
309893,51.04,61.15,160.04,160.10,-10.11,8.82,101529.09,39.37,19.54,-1.99,0.33
320104,50.72,60.71,159.85,147.71,-9.89,5.11,101534.11,39.37,15.83,-0.01,1.08
330375,51.13,60.22,160.23,158.32,-0.82,5.37,101535.84,39.37,15.79,0.19,3.19
340649,51.41,59.41,160.39,160.80,-0.43,13.73,101536.59,39.37,16.84,-0.12,2.63
350928,51.78,58.67,160.73,160.91,-1.85,11.74,101538.19,39.37,16.69,0.95,2.28
361138,51.96,57.88,160.86,161.01,-2.11,12.00,101540.44,39.37,16.90,1.40,3.47
371415,52.18,57.45,160.95,146.34,-1.59,12.57,101543.39,39.37,16.71,1.49,2.57
381705,52.53,57.42,161.14,120.11,-6.08,9.30,101546.65,39.37,13.39,1.24,2.23
391999,52.95,57.27,161.33,112.53,-4.75,8.10,101550.37,39.37,11.78,0.91,2.13
402283,53.63,57.48,161.76,109.21,-4.42,3.87,101554.71,39.37,11.23,0.49,1.79
417959,54.58,57.68,162.34,94.74,-6.41,6.32,101565.27,39.37,10.61,0.29,1.96
428241,55.32,57.77,162.87,94.54,-7.62,6.74,101569.75,39.37,10.17,0.41,2.03
438524,56.12,57.76,163.51,79.97,-7.11,5.34,101573.88,39.37,9.34,0.32,2.36
448718,56.95,57.81,164.25,68.23,-8.27,3.84,101577.47,39.37,7.38,0.49,1.96
458906,57.74,57.81,164.97,56.49,-8.41,2.90,101580.45,39.37,5.70,0.53,1.92
469189,58.51,57.91,165.68,46.87,-8.53,2.59,101584.46,39.37,4.58,0.42,1.67
479379,59.29,58.02,166.44,39.39,-8.96,1.92,101586.99,39.37,3.65,0.36,1.66
489661,59.98,58.20,167.15,33.26,-9.71,1.46,101589.12,39.37,3.00,0.46,1.62
499938,60.66,58.41,167.90,28.99,-9.74,1.13,101590.17,39.37,2.63,0.29,1.30
510219,61.15,58.66,168.55,23.64,-10.05,0.92,101591.26,39.37,2.25,0.37,1.24
521586,61.48,59.00,169.13,18.90,-10.40,0.98,101592.07,39.37,1.82,0.27,1.50
531786,61.52,59.32,169.51,14.33,-10.58,0.94,101592.91,39.37,1.30,0.25,1.55
542053,61.34,59.62,169.74,10.09,-10.61,0.57,101592.27,39.37,0.81,0.21,1.68
552325,61.05,59.75,169.95,6.28,-11.05,-0.03,101590.28,39.37,0.28,0.16,1.27
562605,61.02,59.61,170.53,1.90,-11.07,-0.17,101590.78,39.37,0.09,0.07,1.23
572891,60.99,59.42,171.19,0.77,-11.13,-0.01,101589.67,39.37,0.10,0.25,1.26
583178,60.79,59.28,171.78,1.26,-11.05,0.33,101586.74,39.37,-0.22,0.17,1.35
593460,60.55,59.14,172.40,1.10,-11.09,0.12,101584.54,39.37,-0.28,0.19,1.52
603732,60.23,59.06,173.02,1.18,-11.51,-0.05,101583.93,39.37,-0.21,0.12,1.32
614009,59.82,58.99,173.64,1.10,-11.53,-0.18,101582.98,39.37,-0.20,0.30,1.08
625387,59.34,58.84,174.40,1.08,-10.96,0.19,101575.55,39.37,-0.00,0.18,1.43
635675,58.75,58.76,175.02,1.18,-11.17,0.09,101571.52,39.37,-0.31,0.15,1.42
645960,58.08,58.75,175.65,1.28,-11.80,-0.41,101569.01,39.37,-0.30,0.27,0.95
656242,57.35,58.71,176.25,1.28,-11.43,-0.22,101566.66,39.37,-0.41,0.17,1.01
666521,56.54,58.66,176.83,1.19,-11.24,0.07,101562.29,39.36,-0.28,0.19,1.34
676809,55.67,58.61,177.43,1.25,-11.32,-0.28,101560.33,39.37,-0.37,0.39,1.21
687091,54.73,58.64,177.99,1.29,-12.08,-0.47,101557.02,39.36,-0.39,0.04,0.98
697366,53.74,58.60,178.54,1.31,-11.33,-0.29,101552.48,39.36,-0.16,0.16,1.29
707645,52.68,58.57,179.09,1.10,-11.27,-0.53,101550.66,39.37,0.01,0.19,1.35
717926,51.49,58.56,179.66,1.35,-11.55,-0.67,101549.53,39.37,-0.27,0.16,1.21
729296,50.06,58.58,-179.78,1.29,-11.57,-0.88,101546.62,39.37,-0.02,0.11,1.30
739573,48.77,58.54,-179.25,1.15,-10.92,-0.51,101543.13,39.37,-0.16,0.22,1.31
749845,47.35,58.55,-178.80,1.21,-11.42,-0.66,101542.32,39.37,-0.15,0.28,1.40
760115,45.87,58.55,-178.35,0.82,-11.61,-0.59,101536.88,39.37,-0.19,0.37,1.33
770394,44.32,58.54,-177.86,0.75,-11.51,-0.51,101534.04,39.37,-0.23,0.39,1.20
780659,42.64,58.57,-177.49,0.82,-11.50,-0.91,101529.84,39.36,-0.01,0.04,1.41
790923,40.89,58.63,-177.12,0.75,-11.84,-1.01,101528.27,39.36,0.04,0.32,1.18
801199,39.11,58.63,-176.76,0.59,-11.33,-0.90,101526.81,39.36,-0.34,0.26,1.37
811475,37.26,58.66,-176.43,0.58,-11.42,-1.34,101525.71,39.36,-0.19,0.13,1.76
821750,35.25,58.69,-176.18,0.43,-11.70,-1.39,101522.33,39.36,-0.31,0.07,1.80
833101,32.92,58.74,-175.95,0.44,-11.51,-1.69,101520.30,39.36,-0.02,0.17,1.61
843371,30.71,58.76,-175.78,0.27,-11.53,-1.49,101517.48,39.36,-0.24,-0.55,1.03
853651,28.38,58.81,-175.67,-0.02,-11.59,-2.18,101512.55,39.36,-0.13,-0.07,1.30
863917,25.99,58.85,-175.60,0.05,-11.51,-2.28,101508.87,39.36,-0.30,-0.05,1.59
874191,23.54,58.87,-175.53,-0.24,-11.56,-2.23,101505.80,39.36,-0.02,0.11,1.41
884442,20.95,58.92,-175.58,-0.47,-11.84,-2.32,101502.52,39.36,0.03,0.26,1.18
894692,18.39,58.93,-175.60,-0.74,-11.92,-2.10,101502.10,39.36,0.05,0.29,1.25
904941,15.71,58.96,-175.75,-0.91,-11.86,-2.37,101497.95,39.36,-0.15,0.02,1.50
915192,13.00,58.98,-175.88,-1.02,-11.66,-2.48,101494.30,39.36,0.01,0.04,1.51
925414,10.17,59.04,-176.09,-1.01,-11.73,-2.84,101493.09,39.36,-0.39,0.01,1.36
936763,6.76,59.09,-176.59,-1.45,-12.09,-2.69,101488.44,39.36,-0.27,0.16,1.48
947015,3.63,59.14,-177.10,-1.49,-11.86,-2.66,101486.39,39.36,-0.21,0.23,1.55
957257,0.46,59.16,-177.61,-1.96,-11.48,-2.96,101484.60,39.36,-0.28,0.16,1.29
967509,-2.91,59.19,-178.30,-2.29,-11.67,-3.11,101483.02,39.36,-0.37,0.23,1.20
977757,-6.24,59.18,-178.99,-2.65,-11.29,-3.25,101481.05,39.36,-0.19,0.16,0.90
987994,-9.62,59.16,-179.71,-3.06,-11.58,-3.09,101478.02,39.36,0.00,-0.01,1.43
998242,-13.27,59.15,179.32,-3.10,-12.31,-3.04,101477.30,39.36,-0.27,-0.04,1.15
1008488,-16.75,59.08,178.47,-3.54,-11.56,-2.60,101474.71,39.36,-0.02,-0.05,1.17
1018740,-20.30,58.99,177.55,-4.01,-11.36,-2.80,101471.20,39.36,0.04,-0.05,1.05
1028985,-23.91,58.90,176.66,-4.16,-11.41,-2.76,101469.32,39.36,0.05,0.11,1.07
1040372,-27.98,58.75,175.62,-4.53,-10.90,-2.67,101466.95,39.36,0.13,0.14,1.00
1050653,-31.51,58.61,174.59,-4.64,-11.35,-2.88,101465.89,39.36,-0.09,-0.01,1.25
1060660,-35.79,58.39,173.26,-4.99,-11.56,-2.70,101463.81,39.36,-0.17,0.15,1.42
1070858,-39.31,58.17,172.14,-5.12,-11.33,-2.46,101460.99,39.36,-0.19,0.15,0.91
1080865,-43.47,57.84,170.80,-5.51,-11.45,-2.17,101460.40,39.36,-0.39,0.26,1.00
1091079,-46.99,57.54,169.65,-5.81,-11.35,-2.13,101459.20,39.36,0.00,0.25,1.14
1101089,-51.19,57.14,168.32,-6.13,-11.06,-1.98,101459.32,39.36,0.04,0.28,1.24
1111289,-54.68,56.79,167.22,-6.36,-10.80,-1.80,101456.58,39.36,-0.11,0.29,1.15
1121302,-58.86,56.31,165.87,-6.67,-10.66,-1.71,101454.02,39.36,-0.22,0.25,1.28
1131511,-62.79,55.81,164.58,-6.91,-10.77,-1.28,101451.05,39.36,-0.24,0.32,1.43
1142885,-67.15,55.23,163.19,-7.25,-10.60,-1.01,101449.87,39.36,-0.20,0.38,1.22
1153100,-71.18,54.61,161.86,-7.28,-10.99,-0.76,101447.69,39.36,-0.16,0.15,0.99
1163374,-75.03,53.97,160.64,-7.50,-10.67,-0.28,101446.82,39.36,0.01,0.19,0.98
1173643,-78.85,53.30,159.42,-7.67,-10.67,0.15,101445.93,39.36,-0.19,0.23,1.13
1183901,-82.59,52.59,158.26,-7.88,-10.45,0.24,101443.20,39.36,0.00,0.24,0.89
1194168,-86.22,51.84,157.14,-7.96,-10.19,0.64,101441.16,39.36,0.04,0.24,0.73
1204428,-89.70,51.09,156.10,-8.08,-9.96,1.10,101437.29,39.36,0.05,0.24,0.73
1214686,-93.10,50.25,155.09,-8.12,-10.41,1.46,101433.65,39.35,0.05,0.24,0.89
1224954,-96.31,49.42,154.18,-8.21,-10.40,1.99,101432.16,39.36,-0.11,0.24,0.96
1235228,-99.52,48.50,153.24,-8.34,-10.51,2.13,101429.55,39.35,0.10,0.24,0.93
1246598,-102.95,47.46,152.27,-8.31,-10.44,2.55,101427.80,39.36,0.06,0.28,0.97
1256859,-105.85,46.53,151.50,-8.33,-9.98,3.18,101426.28,39.35,0.60,-0.41,1.09
1267129,-108.65,45.60,150.77,-8.41,-9.91,3.71,101423.80,39.36,0.04,0.07,1.08
1277390,-111.40,44.68,150.10,-8.29,-9.71,4.30,101421.73,39.36,-0.23,0.29,1.15
1287654,-114.10,43.74,149.45,-8.33,-9.78,4.66,101420.91,39.36,-0.12,0.17,1.21
1297934,-116.70,42.75,148.85,-8.33,-9.49,4.77,101420.59,39.36,0.01,0.23,1.41
1308228,-119.13,41.74,148.31,-8.22,-9.32,5.05,101420.82,39.36,-0.23,0.32,1.18
1318537,-121.44,40.72,147.84,-8.23,-9.08,5.38,101420.52,39.36,-0.24,0.02,1.10
1328836,-123.66,39.69,147.41,-8.03,-8.97,5.66,101416.25,39.36,-0.13,0.16,0.61
1339139,-125.80,38.62,147.03,-7.87,-9.09,5.68,101412.95,39.36,0.17,0.07,1.22
1350539,-128.13,37.40,146.65,-7.81,-9.08,6.02,101410.23,39.36,0.07,0.29,0.91
1360845,-130.21,36.32,146.34,-7.58,-8.98,6.38,101408.19,39.36,-0.06,0.02,1.43
1371150,-132.31,35.28,146.08,-7.63,-8.65,6.80,101407.45,39.36,-0.17,0.16,1.26
1381447,-134.42,34.20,145.83,-7.33,-8.65,6.96,101406.88,39.36,0.01,0.34,1.39
1391751,-136.52,33.09,145.62,-7.40,-8.55,7.11,101405.91,39.36,0.12,0.30,1.25
1402046,-138.56,31.95,145.45,-7.19,-8.19,7.45,101405.21,39.36,0.18,0.14,1.15
1412334,-140.54,30.78,145.31,-7.12,-7.58,7.59,101404.16,39.36,-0.04,0.11,1.25
1426932,-143.20,29.08,145.21,-6.82,-7.82,7.95,101404.93,39.36,0.03,0.14,1.38
1437169,-144.95,27.84,145.19,-6.66,-7.64,8.10,101403.20,39.36,-0.27,0.18,1.10
1447395,-146.66,26.61,145.23,-6.44,-7.01,8.32,101400.57,39.36,-0.25,0.51,1.24
1458715,-148.54,25.26,145.29,-6.30,-6.72,8.71,101398.93,39.35,-0.17,0.34,0.99
1468882,-150.23,24.01,145.38,-6.18,-6.48,8.90,101399.18,39.35,-0.19,0.38,1.25
1479130,-151.93,22.75,145.49,-5.99,-6.39,9.17,101398.86,39.36,0.00,0.19,1.50
1489374,-153.61,21.47,145.63,-5.86,-6.18,9.23,101398.63,39.36,0.12,0.19,1.55
1499615,-155.25,20.17,145.80,-5.60,-5.93,9.23,101393.52,39.35,-0.05,0.23,1.17
1509851,-156.87,18.89,145.99,-5.41,-5.78,9.46,101392.56,39.36,0.03,0.24,1.05
1520081,-158.47,17.62,146.22,-5.17,-5.58,9.68,101391.61,39.35,0.12,0.13,1.46
1530305,-160.12,16.32,146.44,-4.98,-5.21,9.63,101390.90,39.35,-0.13,0.26,1.50
1540518,-161.80,15.02,146.69,-4.82,-4.77,9.60,101390.59,39.35,-0.30,0.21,1.55
1550738,-163.45,13.73,146.96,-4.52,-4.49,9.86,101389.09,39.35,-0.02,0.24,1.13
1562035,-165.26,12.30,147.30,-4.32,-4.27,10.05,101387.69,39.35,-0.00,0.13,1.09
1572269,-166.91,11.01,147.62,-3.96,-4.02,10.08,101388.20,39.36,-0.16,0.22,1.08
1582497,-168.51,9.74,147.97,-3.66,-3.91,10.12,101386.28,39.35,-0.15,0.24,1.23
1592719,-170.10,8.46,148.34,-3.47,-3.42,10.29,101386.36,39.36,0.01,0.36,1.07
1602918,-171.69,7.19,148.72,-3.13,-3.10,10.30,101384.36,39.36,0.39,0.46,1.03
1613145,-173.31,5.93,149.12,-2.86,-2.98,10.40,101383.91,39.35,-0.04,0.41,1.18
1623333,-174.92,4.67,149.54,-2.61,-2.66,10.35,101383.06,39.35,0.03,0.32,1.06
1633535,-176.53,3.41,149.99,-2.36,-2.31,10.30,101382.42,39.35,-0.07,0.18,0.95
1643716,-178.17,2.13,150.45,-2.14,-2.04,10.11,101381.95,39.35,0.02,0.43,0.86
1653905,-179.83,0.87,150.92,-1.80,-1.65,10.16,101381.80,39.35,-0.31,0.40,1.11
1665186,178.31,-0.55,151.46,-1.35,-1.07,10.08,101380.45,39.35,-0.02,0.31,1.20
1675375,176.61,-1.80,151.96,-1.05,-0.96,10.04,101379.18,39.35,-0.24,0.30,0.94
1685574,174.91,-3.03,152.48,-0.77,-0.88,10.02,101378.98,39.35,-0.17,0.37,0.97
1695772,173.23,-4.25,153.02,-0.51,-0.62,9.96,101378.33,39.35,-0.35,0.35,0.90
1705961,171.50,-5.47,153.56,-0.25,-0.27,9.91,101375.54,39.35,-0.03,0.50,1.31
1716150,169.74,-6.68,154.11,0.16,-0.12,9.79,101375.73,39.35,-0.20,0.41,1.36
1726338,167.95,-7.85,154.68,0.44,0.06,9.89,101375.35,39.35,0.04,0.32,1.17
1736525,166.09,-9.03,155.25,0.63,0.50,9.92,101374.35,39.35,-0.03,0.38,1.13
1746731,164.21,-10.20,155.81,1.13,0.55,9.59,101373.30,39.35,0.03,0.43,1.28
1756923,162.32,-11.36,156.38,1.31,0.76,9.41,101372.52,39.35,-0.58,0.40,1.19
1768212,160.24,-12.67,157.02,1.74,1.14,9.14,101372.45,39.35,-0.23,0.31,1.06
1778407,158.33,-13.83,157.61,2.02,1.43,9.14,101372.90,39.35,-0.01,0.45,0.99
1788607,156.39,-14.99,158.21,2.34,1.60,8.92,101371.70,39.35,-0.04,0.40,1.45
1798797,154.44,-16.13,158.80,2.68,1.83,8.73,101371.60,39.35,0.07,0.32,1.11
1809011,152.42,-17.25,159.41,2.93,2.10,8.63,101370.73,39.35,0.09,0.38,0.96
1819234,150.40,-18.36,160.01,3.29,2.18,8.43,101371.11,39.35,-0.10,0.47,1.33
1829457,148.35,-19.47,160.63,3.50,2.42,8.26,101371.39,39.35,-0.10,0.44,1.16
1839680,146.32,-20.59,161.21,3.73,2.56,7.83,101370.55,39.35,0.02,0.17,1.25
1849896,144.28,-21.70,161.82,3.99,2.80,7.60,101368.94,39.35,0.04,0.42,1.42
1860101,142.24,-22.81,162.43,4.26,3.05,7.35,101367.69,39.35,0.13,0.32,1.30
1871412,139.95,-24.02,163.14,4.52,3.35,7.13,101367.79,39.35,-0.09,0.26,1.24
1881626,137.87,-25.11,163.78,4.80,3.52,6.81,101369.45,39.35,0.02,0.40,1.30
1891845,135.77,-26.20,164.43,4.97,3.74,6.54,101368.11,39.35,-0.11,0.43,1.20
1902054,133.68,-27.26,165.11,5.20,3.91,6.28,101367.33,39.35,0.02,0.28,1.22
1912276,131.56,-28.33,165.81,5.19,4.23,6.03,101365.48,39.35,-0.04,0.25,1.34
1922491,129.46,-29.35,166.52,5.79,4.31,5.69,101365.12,39.35,0.03,0.28,1.13
1932715,127.33,-30.35,167.24,5.57,4.37,5.54,101366.89,39.35,-0.19,0.33,1.05
1942993,125.20,-31.36,168.01,5.84,4.63,5.17,101367.45,39.35,0.00,0.46,0.91
1953259,123.05,-32.39,168.78,5.89,4.97,4.84,101365.57,39.35,0.00,0.29,1.28
1963532,120.88,-33.41,169.58,6.03,5.07,4.51,101365.18,39.35,0.12,0.37,0.96
1974894,118.50,-34.51,170.47,6.08,5.24,4.20,101365.14,39.35,-0.05,0.50,0.93
1985160,116.31,-35.49,171.32,6.24,5.47,3.91,101364.34,39.35,-0.32,0.53,0.97
1995446,114.10,-36.44,172.20,6.23,5.64,3.67,101365.79,39.35,-0.03,0.42,0.90
2005729,111.96,-37.38,173.06,6.30,5.58,3.27,101365.88,39.35,0.11,0.44,0.88
2015985,109.87,-38.29,173.89,6.34,5.55,3.00,101364.60,39.36,-0.21,0.36,0.80
2026263,107.76,-39.16,174.78,6.30,5.68,2.87,101364.72,39.36,0.54,0.42,1.10
2036533,105.65,-40.04,175.66,6.27,5.74,2.54,101364.53,39.35,0.07,0.48,1.20
2046806,103.55,-40.94,176.53,6.34,5.81,2.18,101364.93,39.35,0.05,0.49,1.10
2057052,101.45,-41.82,177.40,6.24,5.84,1.92,101364.19,39.35,0.01,0.61,1.08
2067322,99.39,-42.73,178.25,6.28,5.98,1.51,101364.40,39.35,0.04,0.47,1.00
2078686,97.16,-43.74,179.18,6.15,5.99,1.19,101365.56,39.36,0.05,0.52,1.10
2088954,94.97,-44.61,-179.85,6.13,6.39,1.11,101364.91,39.36,0.17,0.42,1.08
2099228,92.68,-45.45,-178.82,5.99,6.59,0.90,101362.88,39.36,-0.08,0.47,1.15
2109488,90.29,-46.27,-177.74,5.95,6.69,0.69,101361.62,39.36,0.14,0.52,1.01
2119747,87.84,-47.02,-176.62,5.78,6.69,0.57,101362.23,39.35,0.07,0.46,1.26
2129998,85.31,-47.75,-175.45,5.75,6.84,0.30,101363.20,39.35,0.05,0.40,1.54
2140255,82.72,-48.44,-174.23,5.60,6.94,0.05,101362.09,39.35,0.05,0.43,1.01
2150512,80.17,-49.21,-173.01,5.37,6.95,-0.39,101361.03,39.35,0.05,0.56,1.34
2160773,77.87,-49.77,-171.88,5.65,6.95,-0.61,101361.53,39.35,-0.15,0.50,1.36
2170777,75.12,-50.49,-170.46,5.09,7.14,-0.75,101362.15,39.35,-0.19,0.37,1.44
2182063,72.25,-51.17,-168.95,5.04,7.27,-1.06,101362.62,39.35,0.00,0.39,1.19
2192239,69.55,-51.71,-167.52,4.83,7.46,-1.17,101361.93,39.35,-0.08,0.47,1.06
2202506,66.83,-52.25,-166.07,4.67,7.46,-1.46,101361.95,39.35,0.06,0.41,0.92
2212789,64.12,-52.82,-164.62,4.53,7.41,-1.82,101361.41,39.35,0.05,0.39,0.96
2223085,61.37,-53.28,-163.11,4.30,7.54,-1.83,101361.80,39.35,-0.15,0.39,1.44
2233391,58.58,-53.79,-161.54,4.13,7.75,-2.25,101362.88,39.35,-0.07,0.43,1.58
2243689,55.82,-54.26,-159.96,3.95,7.80,-2.47,101363.15,39.35,-0.05,0.48,1.14
2253986,53.04,-54.67,-158.33,3.70,7.88,-2.57,101362.34,39.35,-0.13,0.56,0.89
2264295,50.27,-54.95,-156.68,3.55,8.01,-2.68,101363.27,39.35,0.17,0.50,1.08
2274598,47.56,-55.22,-155.00,3.30,8.03,-2.83,101362.69,39.35,0.07,0.41,1.27
2285984,44.57,-55.56,-153.14,3.04,8.00,-3.08,101362.75,39.35,0.05,0.40,1.07
2296287,41.93,-55.87,-151.38,2.84,8.09,-3.27,101363.32,39.35,-0.03,0.47,1.31
2306588,39.32,-56.10,-149.70,2.54,8.00,-3.19,101364.52,39.35,0.03,0.45,1.36
2316899,36.73,-56.27,-148.04,2.56,7.92,-3.38,101365.16,39.35,0.05,0.36,1.17
2327217,34.15,-56.54,-146.34,2.16,7.81,-3.45,101366.43,39.35,-0.03,0.46,1.13
2337523,31.54,-56.77,-144.63,2.01,7.65,-3.49,101365.82,39.35,0.07,0.44,1.09
2347837,28.97,-56.96,-142.91,1.65,7.70,-3.38,101364.60,39.35,0.17,0.52,0.84
2358147,26.32,-57.17,-141.11,1.51,7.69,-3.66,101364.18,39.35,0.27,0.49,0.95
2368459,23.83,-57.22,-139.38,1.19,7.94,-3.45,101363.63,39.35,-0.14,0.41,1.13
2378758,21.27,-57.23,-137.62,1.06,7.96,-3.69,101363.73,39.35,0.09,0.32,1.24
2390130,18.51,-57.25,-135.68,0.78,7.89,-3.66,101363.54,39.35,-0.37,0.49,1.26
2400405,15.96,-57.30,-133.85,0.66,7.75,-3.93,101362.89,39.35,0.04,0.41,1.39
2410671,13.34,-57.48,-131.95,0.27,7.62,-4.07,101363.94,39.35,-0.50,0.47,1.41
2420954,10.74,-57.65,-130.04,0.18,7.43,-4.16,101363.96,39.35,-0.22,0.37,1.30
2435531,7.13,-57.81,-127.35,-0.01,7.54,-4.28,101364.48,39.35,-0.00,0.46,1.04
2445808,4.51,-57.99,-125.31,-0.51,7.60,-4.23,101365.40,39.35,0.12,0.25,1.11
2456092,2.21,-58.11,-123.47,-0.72,7.66,-4.26,101366.26,39.35,-0.13,0.40,1.63
2466099,-0.56,-58.34,-121.19,-0.93,7.77,-4.40,101368.27,39.35,0.09,0.55,1.34
2476306,-2.80,-58.37,-119.23,-1.17,8.01,-4.23,101370.28,39.35,0.14,0.42,1.32
2486585,-4.97,-58.32,-117.38,-1.36,7.99,-4.17,101370.02,39.35,0.14,0.40,0.89
2497937,-7.66,-58.44,-115.06,-1.63,7.92,-4.28,101369.03,39.35,0.03,0.39,0.88
2508143,-9.92,-58.46,-113.06,-1.84,7.97,-4.21,101369.31,39.35,-0.11,0.35,1.15
2518424,-11.66,-58.35,-111.47,-1.99,8.08,-4.10,101368.26,39.35,-0.22,0.42,1.13
2528701,-13.41,-58.18,-109.95,-2.12,8.03,-4.09,101368.21,39.35,-0.00,0.51,1.05
2538972,-14.63,-58.01,-108.89,-2.23,8.15,-4.07,101370.51,39.35,0.16,0.45,1.07
2549247,-15.86,-57.86,-107.75,-2.41,8.09,-4.05,101369.16,39.35,0.15,0.25,1.19
2559519,-16.89,-57.77,-106.79,-2.51,8.13,-4.00,101369.91,39.35,-0.05,0.40,1.14
2569801,-18.20,-57.62,-105.56,-2.64,7.98,-3.97,101369.48,39.35,0.11,0.55,1.67
2580086,-19.70,-57.44,-104.20,-2.76,7.83,-3.92,101371.72,39.35,0.06,0.46,1.23
2590360,-21.34,-57.34,-102.56,-3.04,7.80,-3.95,101372.60,39.35,0.05,0.48,1.07
2601726,-22.45,-57.22,-101.37,-2.99,7.97,-3.99,101372.79,39.35,0.13,0.45,1.50
2611991,-23.76,-57.24,-99.86,-3.21,7.90,-4.01,101373.41,39.35,0.06,0.40,1.08
2622302,-25.53,-57.48,-97.96,-3.34,7.87,-4.06,101373.38,39.35,-0.50,0.39,1.27
2632601,-27.64,-57.72,-95.87,-3.48,7.79,-4.03,101373.60,39.35,0.06,0.39,1.19
2642901,-29.08,-57.81,-94.14,-3.65,7.88,-3.81,101374.80,39.35,-0.07,0.47,1.22
2653207,-30.86,-57.99,-92.15,-3.78,7.84,-3.78,101375.97,39.35,-0.21,0.45,1.14
2663515,-32.36,-58.36,-90.40,-3.85,7.96,-3.74,101376.06,39.35,-0.16,0.44,1.17
2673809,-32.86,-58.66,-89.53,-3.86,8.10,-3.60,101376.66,39.35,0.09,0.36,1.33
2684117,-33.81,-58.82,-88.19,-3.88,8.04,-3.57,101376.84,39.35,0.21,0.35,0.97
2694424,-34.93,-59.15,-86.68,-3.94,8.06,-3.52,101376.20,39.35,0.24,0.42,1.21
2705827,-35.40,-59.65,-85.84,-4.03,8.21,-3.39,101377.79,39.35,-0.03,0.47,1.18
2716123,-36.29,-60.18,-84.59,-4.01,8.19,-3.37,101378.20,39.35,0.11,0.49,0.86
2726407,-37.56,-60.80,-83.17,-4.09,8.23,-3.33,101380.08,39.35,0.14,0.33,1.23
2736705,-38.86,-61.06,-81.41,-4.06,8.18,-3.16,101380.93,39.35,0.07,0.54,1.07
2746997,-39.85,-61.51,-80.01,-4.23,8.23,-3.04,101381.84,39.34,0.05,0.50,1.23
2757298,-40.77,-61.81,-78.61,-3.99,8.32,-3.06,101382.03,39.34,-0.07,0.41,1.26
2767588,-41.75,-62.31,-77.24,-4.38,8.28,-2.84,101383.20,39.34,0.10,0.51,0.99
2777884,-44.05,-62.22,-74.93,-4.31,8.04,-2.85,101383.53,39.34,0.14,0.53,1.06
2788188,-46.22,-62.20,-72.66,-4.54,8.00,-2.74,101382.77,39.34,0.07,0.46,1.27
2798482,-47.16,-62.57,-71.18,-4.51,8.27,-2.62,101384.77,39.34,0.09,0.40,1.43
2809873,-48.16,-63.01,-69.68,-4.59,8.29,-2.52,101387.14,39.34,0.14,0.51,1.30
2820177,-47.76,-63.25,-69.70,-4.49,8.48,-2.38,101388.05,39.34,0.14,0.49,1.51
2830496,-47.72,-63.29,-69.08,-4.54,8.31,-2.44,101390.28,39.35,0.07,0.33,1.20
2840790,-47.64,-63.24,-68.50,-4.50,8.31,-2.46,101390.39,39.35,-0.14,0.50,0.83
2851093,-48.25,-63.51,-67.30,-4.50,8.34,-2.46,101389.46,39.35,-0.26,0.41,0.87
2861388,-47.82,-63.56,-67.15,-4.49,8.36,-2.42,101390.05,39.35,0.03,0.43,1.27
2871689,-48.04,-63.05,-66.73,-4.52,8.21,-2.37,101391.27,39.35,-0.03,0.40,1.31
2881978,-48.29,-62.58,-66.25,-4.70,8.05,-2.23,101392.69,39.34,0.46,0.43,1.04
2892276,-48.03,-62.33,-66.19,-4.63,8.22,-2.29,101394.26,39.34,0.13,0.36,1.38
2902589,-48.01,-61.93,-65.73,-4.69,8.11,-2.46,101395.44,39.34,0.14,0.50,1.41
2913984,-49.02,-61.93,-64.04,-4.70,8.14,-2.56,101394.82,39.34,0.11,0.45,1.22
2924277,-50.27,-62.14,-62.48,-4.76,8.15,-2.56,101395.88,39.34,0.18,0.36,1.10
2934577,-52.01,-62.12,-60.67,-4.73,7.96,-2.67,101397.67,39.34,-0.28,0.46,1.12
2944877,-53.29,-62.41,-59.15,-4.84,8.20,-2.46,101398.53,39.34,0.14,0.33,0.65
2955186,-54.78,-62.62,-57.54,-4.91,8.15,-2.44,101399.95,39.34,0.07,0.22,1.03
2965503,-56.29,-62.83,-55.91,-5.03,8.14,-2.34,101402.27,39.34,-0.10,0.44,1.14
2975810,-57.48,-63.11,-54.60,-4.94,8.28,-2.26,101405.84,39.34,0.17,0.44,1.21
2985822,-57.69,-63.76,-54.12,-4.93,8.54,-2.04,101405.16,39.34,0.07,0.44,1.26
2996063,-57.44,-64.29,-54.10,-4.92,8.58,-1.94,101406.70,39.34,0.21,0.36,1.15
3006073,-57.03,-64.90,-54.24,-4.95,9.01,-1.87,101407.09,39.34,0.00,0.38,1.05
3017419,-57.68,-65.56,-53.43,-4.69,8.77,-2.10,101409.71,39.34,-0.04,0.35,1.27
3027657,-58.66,-66.08,-52.35,-4.72,8.75,-2.12,101409.09,39.34,-0.05,0.46,1.50
3037951,-59.27,-66.66,-51.63,-4.65,8.79,-1.88,101409.66,39.34,0.03,0.52,1.08
3048247,-59.60,-67.26,-51.19,-4.60,8.80,-1.74,101409.07,39.34,0.05,0.46,0.88
3058559,-60.29,-67.81,-50.41,-4.66,8.87,-1.75,101409.89,39.34,-0.07,0.52,0.92
3068858,-60.53,-68.40,-50.08,-4.51,8.95,-1.63,101409.74,39.34,0.03,0.46,0.81
3079155,-60.03,-68.98,-50.44,-4.50,9.21,-1.48,101411.70,39.34,0.04,0.40,1.18
3089438,-58.85,-69.33,-51.52,-4.33,8.93,-1.45,101411.35,39.34,0.01,0.47,1.13
3099740,-57.45,-69.48,-52.86,-4.34,8.89,-1.44,101411.88,39.34,-0.04,0.33,1.24
3110041,-56.06,-69.69,-54.12,-4.22,8.97,-1.49,101415.10,39.34,0.07,0.53,1.58
3121448,-54.51,-69.68,-55.55,-4.25,8.97,-1.42,101418.42,39.34,0.05,0.50,1.37
3131759,-53.02,-69.75,-56.98,-4.09,8.99,-1.60,101418.45,39.34,0.05,0.45,1.09
3142040,-51.71,-69.89,-58.24,-14.43,9.83,2.63,101418.48,39.34,-0.89,0.48,0.22
3152341,-51.34,-69.42,-58.64,-18.37,0.01,4.94,101423.13,39.34,-0.53,1.00,2.27
3162648,-49.23,-69.75,-59.79,-8.62,10.31,-0.29,101425.87,39.34,-1.63,-0.58,1.16
3172932,-48.12,-69.17,-59.35,-0.93,7.96,1.95,101425.06,39.34,-0.68,1.10,1.01
3183210,-46.20,-68.76,-59.63,-5.03,5.67,0.04,101424.99,39.34,-0.37,0.49,1.53
3193495,-43.98,-69.19,-59.86,-4.56,12.48,-3.57,101423.63,39.34,-0.19,0.33,0.97
3203786,-40.98,-69.16,-61.08,-3.97,9.82,-1.00,101425.20,39.34,-0.27,0.97,0.98
3214092,-38.27,-68.71,-62.23,-3.90,8.97,-0.92,101428.43,39.34,-0.25,0.43,1.33
3225490,-35.69,-68.87,-63.17,-3.69,12.73,-2.13,101428.54,39.33,-0.13,0.63,1.28
3235792,-34.19,-68.22,-63.44,-4.42,7.98,-1.21,101429.38,39.34,-0.26,0.56,1.19
3246091,-31.91,-67.82,-64.44,-3.71,9.49,-1.81,101428.76,39.34,-0.21,0.31,1.10
3256388,-29.43,-68.08,-65.82,-4.95,10.39,-2.16,101430.30,39.34,-0.00,0.84,1.20
3266691,-28.72,-68.44,-65.89,-4.48,11.38,-4.54,101432.26,39.34,-0.59,0.40,1.14
3276993,-28.67,-68.90,-65.92,-5.24,10.85,-4.58,101433.74,39.34,-0.35,0.67,0.74
3287292,-30.05,-69.21,-65.17,-4.11,9.84,-4.39,101437.14,39.34,-0.30,0.56,0.73
3297586,-30.52,-69.52,-65.57,-4.04,11.26,-3.10,101439.19,39.34,-0.30,0.70,0.97
3307884,-31.29,-69.69,-66.00,-4.10,9.50,-2.29,101441.76,39.34,-0.02,0.41,1.17
3318191,-31.97,-69.62,-66.49,-4.46,12.52,-1.38,101442.40,39.34,-0.24,0.98,0.94
3329590,-32.09,-69.70,-67.54,-6.16,14.37,-1.09,101444.92,39.34,-0.40,1.06,1.20
3339905,-32.61,-69.97,-67.94,-4.61,12.78,-3.83,101447.34,39.34,-0.51,0.99,1.34
3350210,-33.72,-70.38,-67.61,-9.63,9.89,-3.40,101450.17,39.34,-0.53,1.14,1.20
3360507,-33.68,-70.71,-68.07,-8.16,8.89,-1.19,101450.77,39.34,-0.46,0.38,1.14
3370814,-32.09,-70.74,-69.60,-7.98,10.42,-0.02,101450.17,39.34,-0.25,0.39,1.13
3381125,-31.11,-70.24,-69.95,-7.66,7.31,1.81,101450.74,39.34,-0.32,0.98,1.48
3391427,-29.27,-69.68,-70.39,-8.52,7.41,0.94,101448.89,39.34,-0.42,0.31,1.31
3401720,-25.42,-70.12,-72.36,-9.64,14.61,-1.01,101448.77,39.34,-0.28,0.45,1.51
3412022,-21.80,-70.45,-74.33,-12.54,11.53,0.67,101452.54,39.34,-0.64,1.11,1.24
3422290,-18.23,-70.48,-76.42,-15.30,9.54,2.39,101455.10,39.34,-1.30,0.96,0.87
3437944,-13.00,-70.74,-79.92,-29.70,16.25,5.47,101457.58,39.34,-2.06,1.40,1.54
3448139,-8.07,-70.66,-83.27,-48.04,18.04,17.79,101459.91,39.34,-3.26,1.49,3.36
3458404,-1.23,-69.74,-87.28,-45.64,12.64,22.62,101462.45,39.33,-4.91,1.74,3.88
3468669,7.07,-68.18,-91.31,-38.19,11.61,21.26,101465.63,39.33,-3.56,1.21,3.67
3478923,15.99,-66.18,-95.30,-35.55,15.29,21.54,101465.16,39.34,-3.80,1.14,3.98
3489186,23.29,-63.70,-97.44,-29.98,10.67,20.52,101465.62,39.33,-3.50,1.13,3.77
3499454,30.49,-61.09,-98.91,-27.70,10.20,20.00,101463.90,39.33,-3.20,0.73,3.96
3509746,37.84,-58.17,-99.51,-18.19,11.67,12.14,101462.84,39.34,-2.56,0.93,3.14
3520036,45.87,-55.21,-100.08,-14.38,13.93,9.52,101459.23,39.34,-2.15,1.20,2.54
3530321,53.92,-51.66,-100.25,-10.71,16.69,7.66,101456.53,39.34,-1.68,1.10,2.31
3541708,62.86,-48.14,-100.43,-10.72,18.84,5.90,101453.97,39.34,-1.59,1.12,1.79
3552003,70.19,-44.96,-100.61,-12.75,23.17,3.20,101452.85,39.33,-1.92,1.36,1.84
3562291,76.11,-42.10,-100.38,-17.24,26.91,4.31,101454.09,39.33,-1.83,1.83,1.50
3572575,80.34,-39.05,-99.67,-18.06,30.50,3.38,101455.22,39.33,-2.44,2.52,1.71
3582859,83.03,-36.19,-98.92,-19.42,26.43,1.38,101456.09,39.33,-2.72,3.00,1.16
3593150,84.16,-33.52,-97.95,-17.71,23.91,-0.71,101458.80,39.33,-2.93,2.44,0.74
3603434,83.97,-30.72,-96.86,-13.84,22.12,-2.83,101460.88,39.34,-2.85,2.25,0.66
3613707,82.81,-27.97,-95.75,-10.92,16.95,-3.84,101458.28,39.34,-1.90,1.78,0.83
3623933,81.16,-25.18,-94.65,-4.86,11.91,-5.93,101455.30,39.33,-1.44,1.02,0.32
3634164,78.99,-22.61,-93.66,-4.40,11.26,-5.45,101452.55,39.34,-1.34,1.14,0.53
3645470,76.09,-19.79,-92.47,-2.13,11.70,-7.41,101448.42,39.34,-1.01,1.09,0.11
3655695,72.94,-17.54,-91.56,-2.26,9.71,-6.78,101444.05,39.33,-0.87,0.92,0.33
3665918,69.38,-15.49,-90.52,-1.34,9.56,-6.55,101439.48,39.33,-1.23,1.08,0.73
3676147,65.66,-13.64,-89.59,0.36,8.46,-5.87,101434.52,39.33,-0.68,1.00,0.73
3686376,61.89,-12.02,-88.56,1.13,7.65,-5.41,101429.24,39.33,-0.76,1.02,0.73
3696615,58.25,-10.50,-87.55,2.87,7.22,-5.62,101427.34,39.33,-0.43,0.87,0.46
3706846,54.63,-9.19,-86.53,2.10,6.92,-5.95,101423.87,39.33,-0.32,0.76,0.68
3717065,51.22,-7.85,-85.50,3.85,8.78,-7.08,101421.25,39.33,-0.26,0.89,1.03
3727288,47.70,-6.93,-84.39,3.42,6.85,-5.68,101419.80,39.33,-0.33,1.08,1.50
3737504,44.32,-6.20,-83.27,3.43,6.47,-5.19,101419.26,39.33,-0.30,0.88,1.12
3748821,40.75,-5.53,-81.98,2.40,8.15,-4.44,101416.48,39.34,-0.33,1.23,1.47
3759039,37.73,-4.90,-80.80,3.60,7.29,-4.42,101415.21,39.34,-0.26,1.11,1.55
3769266,34.78,-4.52,-79.59,3.23,5.84,-3.87,101414.23,39.34,-0.25,0.81,1.56
3779494,32.07,-4.30,-78.34,2.64,6.01,-3.08,101413.28,39.33,-0.17,0.98,1.45
3789736,29.65,-4.11,-77.11,2.84,5.48,-2.98,101413.59,39.33,-0.11,0.90,1.38
3799975,27.46,-4.08,-75.80,2.79,4.67,-2.89,101413.54,39.33,0.02,0.73,1.72
3810212,25.58,-4.20,-74.57,2.07,4.40,-2.61,101413.52,39.33,-0.23,0.73,1.52
3820438,23.90,-4.40,-73.29,2.24,3.88,-2.59,101416.05,39.33,-0.01,0.77,1.55
3830685,22.55,-4.70,-72.04,1.77,3.87,-2.17,101417.47,39.33,-0.24,0.90,1.80
3840903,21.63,-4.97,-70.76,2.11,3.92,-1.95,101415.93,39.33,-0.13,0.65,1.84
3852209,21.37,-5.27,-69.44,2.00,4.44,-2.36,101416.34,39.33,0.13,0.79,1.62
3862425,21.73,-5.44,-68.40,2.66,4.22,-2.81,101415.84,39.34,0.14,0.82,1.77
3872433,22.56,-5.79,-67.31,2.39,4.58,-3.15,101414.75,39.33,0.54,0.95,1.80
3882566,23.61,-6.03,-66.46,2.74,5.18,-3.30,101415.96,39.34,0.22,0.89,1.61
3892576,25.17,-6.44,-65.49,2.77,5.52,-3.03,101417.37,39.34,0.01,1.00,1.92
3902750,26.70,-6.89,-64.74,2.48,6.12,-3.11,101417.95,39.33,-0.39,0.90,1.71
3912758,28.69,-7.63,-63.90,1.63,7.04,-2.23,101420.14,39.33,-0.20,1.04,1.63
3922921,30.74,-8.39,-63.05,2.42,6.57,-1.91,101421.55,39.33,-0.23,0.99,1.73
3933160,33.05,-9.07,-62.29,2.68,7.66,-1.83,101423.13,39.34,-0.13,1.10,1.40
3943398,35.48,-9.76,-61.62,1.65,9.99,-2.39,101424.82,39.34,-0.34,1.27,1.45
3954741,38.27,-10.45,-60.97,3.25,9.52,-2.50,101427.34,39.34,-0.26,1.23,1.42
3964904,40.79,-11.14,-60.33,3.75,8.64,-1.38,101430.58,39.34,-0.25,1.30,1.69
3975151,43.30,-11.85,-59.73,3.30,10.46,-0.51,101433.48,39.34,-0.25,1.35,1.86
3985398,45.78,-12.61,-59.19,2.57,11.75,-0.13,101436.19,39.34,-0.32,1.44,2.01
3995631,48.08,-13.40,-58.59,0.66,14.72,1.06,101437.70,39.34,-0.46,1.27,2.12
4005878,50.21,-14.22,-58.09,-1.23,19.13,3.18,101439.93,39.34,-0.64,1.74,1.71
4016122,51.87,-14.97,-57.50,0.96,15.43,3.72,101440.50,39.34,-0.67,2.07,1.95
4026361,52.81,-15.50,-56.63,3.31,12.87,3.02,101441.97,39.34,-0.45,1.94,1.72
4036606,54.04,-16.21,-56.00,-2.20,20.11,4.00,101444.61,39.34,-0.71,2.19,1.91
4046835,55.09,-16.47,-55.46,-0.33,23.63,4.76,101446.84,39.34,-0.69,2.55,1.79
4058173,55.63,-16.72,-54.71,-0.56,22.46,6.92,101449.80,39.34,-0.57,2.39,2.51
4068420,55.97,-16.27,-54.06,3.78,17.71,3.45,101454.09,39.34,-0.23,2.08,1.87
4078653,55.36,-16.50,-53.16,1.88,15.56,4.97,101456.80,39.34,-0.55,2.02,2.72
4088895,55.28,-16.00,-52.41,3.48,17.49,4.46,101458.81,39.34,-0.27,1.93,1.79
4099139,55.37,-15.92,-51.79,0.39,21.76,5.32,101460.32,39.34,-0.60,2.03,2.31
4109373,55.41,-15.34,-51.09,3.53,19.52,2.24,101464.02,39.34,-0.47,2.32,2.03
4119608,55.31,-14.82,-50.54,4.03,15.79,1.02,101466.82,39.34,-0.17,2.18,1.89
4129840,55.19,-14.07,-49.89,5.60,14.54,-1.07,101468.40,39.34,0.00,1.84,1.51
4140093,54.93,-13.51,-49.34,5.55,13.65,-0.49,101468.80,39.34,0.04,1.70,1.24
4150343,54.56,-12.83,-48.68,6.07,12.52,-1.16,101469.10,39.34,0.05,1.75,0.87
4161686,54.03,-12.18,-48.06,6.20,13.17,-0.41,101470.35,39.34,-0.34,1.72,1.58
4171928,53.51,-11.59,-47.51,5.68,13.14,-0.15,101470.01,39.34,-0.03,1.48,1.68
4182173,52.90,-11.08,-46.94,5.93,13.63,-0.02,101470.79,39.34,0.03,1.82,1.74
4192419,52.15,-10.56,-46.40,5.43,14.64,0.67,101472.15,39.34,-0.03,1.81,1.76
4202666,51.21,-10.11,-45.89,4.76,17.22,2.66,101472.91,39.34,-0.40,2.04,1.84
4212903,49.81,-9.73,-45.36,2.57,20.85,8.08,101473.46,39.34,-0.70,2.79,2.67
4223146,48.21,-9.05,-44.82,2.77,23.70,11.87,101474.93,39.34,-0.34,2.36,2.72
4233382,46.84,-8.46,-44.24,0.80,24.29,11.08,101476.02,39.34,-0.54,2.82,2.66
4243613,45.40,-7.54,-43.90,2.23,16.32,5.93,101475.80,39.34,-0.42,3.14,2.41
4253844,43.86,-7.06,-43.44,1.50,15.43,7.61,101476.66,39.34,-0.28,1.80,2.12
4265177,42.75,-5.95,-43.13,2.08,14.92,6.68,101478.35,39.34,-0.45,1.92,2.53
4275407,41.91,-5.31,-42.89,-0.30,12.17,6.12,101480.64,39.34,-0.40,1.52,2.89
4285648,41.44,-4.38,-42.56,1.20,11.81,5.81,101480.80,39.34,-0.71,1.79,2.10
4295880,41.28,-3.50,-42.46,-0.51,11.38,7.67,101481.71,39.34,-0.61,1.18,2.73
4306115,41.75,-2.43,-42.25,-0.73,13.32,6.75,101482.40,39.34,-0.83,1.80,2.46
4316354,42.42,-1.27,-42.28,-0.75,10.42,5.70,101481.88,39.34,-0.44,1.57,2.33
4326590,43.40,-0.01,-42.22,-1.10,8.28,4.70,101484.56,39.34,-0.60,1.45,2.34
4336827,44.80,1.29,-42.24,0.63,8.06,3.16,101486.33,39.34,-0.71,1.38,2.03
4347071,46.49,2.59,-42.32,0.52,7.54,2.77,101486.13,39.34,-0.73,1.33,2.32
4357311,48.37,3.99,-42.40,2.30,6.27,1.02,101485.68,39.34,-0.46,1.20,1.87
4368625,50.54,5.53,-42.48,3.35,4.05,-0.22,101486.62,39.34,-0.25,1.02,1.62
4378856,52.63,6.77,-42.55,4.36,4.67,-0.51,101484.77,39.34,-0.32,0.99,1.38
4389092,54.72,8.05,-42.60,4.73,4.41,-0.76,101485.71,39.34,-0.22,0.94,1.92
4399327,56.79,9.21,-42.60,5.13,5.26,-0.56,101484.12,39.33,-0.01,1.01,1.44
4409563,58.68,10.38,-42.60,5.11,5.35,-0.41,101485.21,39.34,-0.31,1.30,1.58
4419797,60.47,11.49,-42.50,5.90,5.69,-1.07,101485.81,39.33,-0.34,1.04,2.04
4430029,62.09,12.59,-42.38,5.75,5.85,-1.26,101489.83,39.33,-0.42,1.03,1.15
4444562,63.98,14.02,-42.10,5.90,6.94,-1.32,101494.12,39.34,-0.20,1.34,1.48
4454733,64.99,15.08,-41.87,6.12,7.36,-1.51,101494.55,39.33,-0.12,1.64,1.78
4464966,65.64,16.02,-41.60,6.24,8.07,-1.57,101497.94,39.33,-0.10,1.34,1.22
4476294,65.85,17.09,-41.22,7.13,7.72,-1.55,101500.98,39.33,-0.14,1.44,1.53
4486540,65.46,17.86,-40.89,7.00,7.82,-0.91,101503.56,39.33,0.01,1.42,1.28
4496780,64.67,18.73,-40.52,6.85,8.76,-0.92,101506.75,39.33,-0.08,1.69,1.39
4507010,63.38,19.45,-40.14,7.11,9.07,-0.41,101508.62,39.33,-0.29,1.67,1.41
4517233,61.59,20.04,-39.59,6.01,9.78,-0.54,101510.79,39.33,-0.17,1.90,1.42
4527472,59.53,21.08,-39.16,6.92,6.61,-2.84,101510.91,39.33,0.00,0.89,1.42
4537700,57.09,21.54,-38.70,5.80,5.99,-1.24,101512.52,39.33,0.04,1.70,1.73
4547919,54.52,22.27,-38.11,7.04,4.42,-2.06,101514.75,39.33,0.05,1.32,1.28
4558159,51.80,22.74,-37.55,6.03,6.35,-1.15,101517.20,39.33,-0.11,1.32,1.66
4568386,49.00,23.47,-36.86,6.79,6.28,-2.07,101519.56,39.33,0.17,1.59,1.66
4579706,45.79,24.05,-36.02,6.34,8.08,-1.27,101524.13,39.33,0.35,1.37,1.54
4589933,42.66,24.77,-35.27,6.16,6.82,-2.06,101525.79,39.33,0.11,1.92,1.29
4600162,39.38,25.30,-34.46,5.71,7.01,-1.16,101528.56,39.33,0.30,1.52,1.51
4610373,36.03,25.96,-33.62,5.78,6.26,-1.23,101530.65,39.33,0.10,1.75,2.10
4620595,32.67,26.65,-32.75,5.78,4.24,-2.10,101532.22,39.33,-0.02,1.52,1.55
4630820,29.44,27.46,-31.86,5.46,4.87,-3.10,101533.91,39.33,0.11,1.52,1.64
4641046,26.20,28.24,-31.02,5.15,3.21,-2.74,101532.59,39.33,0.22,1.32,1.58
4651256,23.14,28.95,-30.13,4.96,2.37,-2.71,101532.41,39.33,0.20,1.20,1.80
4661424,20.31,29.67,-29.34,5.04,1.74,-1.89,101531.98,39.33,0.27,1.30,1.69
4671608,17.90,30.41,-28.47,5.65,3.15,-1.07,101534.23,39.33,0.29,1.39,2.06
4682931,15.52,31.41,-27.70,5.98,1.76,-1.14,101535.41,39.33,0.33,1.18,1.90
4693165,13.74,32.40,-26.94,6.59,2.74,-1.84,101534.77,39.33,0.54,1.29,2.02
4703401,12.12,33.45,-26.31,7.40,2.35,-1.80,101535.28,39.33,0.69,1.16,1.81
4713631,10.74,34.62,-25.75,8.41,1.25,-2.79,101535.96,39.33,0.65,1.17,1.38
4723873,9.37,35.89,-25.40,8.39,-0.37,-4.06,101536.71,39.33,0.95,1.09,1.25
4734110,8.04,37.13,-25.12,8.51,-1.67,-4.52,101537.03,39.33,0.89,0.84,1.42
4744344,6.82,38.31,-24.76,9.56,-2.15,-4.91,101538.54,39.33,1.08,0.83,1.34
4754583,5.45,39.47,-24.60,9.56,-3.25,-5.44,101539.96,39.33,0.88,1.14,1.17
4764821,3.98,40.62,-24.63,8.90,-4.82,-6.14,101540.73,39.33,1.19,0.85,0.86
4775053,2.62,41.58,-24.63,8.47,-6.10,-6.18,101540.30,39.33,1.10,0.60,0.76
4786382,1.09,42.61,-24.83,7.85,-7.37,-6.49,101539.95,39.33,0.81,0.51,0.86
4796615,-0.23,43.30,-25.14,9.23,-9.54,-6.37,101541.75,39.33,0.98,0.06,1.23
4806839,-1.17,43.81,-25.41,8.56,-9.72,-5.35,101542.10,39.33,1.02,0.40,1.42
4817071,-1.96,44.28,-25.96,9.06,-12.37,-6.42,101542.34,39.33,1.02,0.00,1.07
4827313,-2.21,44.38,-26.45,8.36,-13.44,-4.56,101544.59,39.33,1.03,-0.04,1.27
4837555,-1.88,44.35,-27.10,8.58,-15.51,-4.07,101545.50,39.33,0.91,-0.28,1.58
4847800,-0.59,44.14,-27.69,8.07,-15.99,-3.53,101546.19,39.33,1.08,-0.41,1.45
4858041,1.71,43.81,-28.27,7.63,-14.80,-3.09,101546.95,39.33,1.04,-0.12,1.58
4868268,4.96,43.44,-29.00,7.21,-14.45,-2.69,101545.99,39.33,0.79,-0.26,1.57
4878503,9.42,42.82,-29.65,6.72,-14.50,-1.57,101546.80,39.33,0.55,-0.44,1.72
4889830,17.51,42.97,-29.57,103.19,-6.47,-15.98,101547.41,39.33,0.93,-0.13,1.79
4900065,24.76,41.13,-30.18,145.85,-37.53,-47.61,101548.39,39.33,15.31,0.29,0.12
4910328,34.58,32.88,-30.62,150.51,-15.79,15.98,101547.59,39.33,16.08,0.10,3.66
4920583,46.60,24.80,-28.82,9.81,25.64,8.67,101537.72,39.33,11.77,-0.88,3.70
4930799,56.73,19.08,-28.75,-11.27,4.55,-4.62,101537.52,39.33,0.44,-1.70,0.04
4941005,66.21,10.79,-28.96,-40.06,13.77,-2.41,101538.40,39.33,-4.56,2.08,2.31
4951219,75.11,4.35,-28.06,-29.26,68.05,-1.63,101541.10,39.33,-3.06,4.91,-0.98
4961410,81.51,-3.01,-28.74,-103.91,157.42,22.85,101546.23,39.33,-11.87,37.09,4.61
4971616,83.57,-5.15,-28.60,-91.33,157.78,-15.91,101562.43,39.33,-11.52,24.69,-1.81
4981808,86.26,-8.92,-28.82,-37.31,82.33,-16.89,101553.48,39.33,-6.68,8.96,0.89
4993114,87.99,-8.06,-28.57,24.52,6.47,1.85,101552.69,39.33,-1.22,9.45,0.33
5003304,90.30,-5.14,-29.78,-8.19,-0.62,-8.24,101554.39,39.33,-0.87,-5.42,1.28
5013312,93.18,-7.15,-30.01,10.56,13.98,0.88,101555.17,39.33,-0.02,-0.07,0.88
5023443,95.22,-4.78,-30.35,12.90,0.98,1.02,101555.75,39.33,0.43,3.50,-0.10
5033454,98.06,-4.00,-31.35,-3.43,-6.36,2.72,101557.22,39.33,-0.66,-2.89,2.21
5043612,101.09,-3.85,-31.38,16.69,9.15,-4.19,101558.31,39.33,0.22,1.61,1.38
5053827,103.50,-1.88,-32.22,6.51,-1.19,3.63,101557.07,39.33,0.47,1.03,0.63
5064053,105.80,-2.16,-32.45,7.75,-0.11,3.78,101557.70,39.33,-0.22,-1.32,-0.50
5074279,108.07,-0.55,-33.21,6.39,-4.95,5.68,101555.84,39.33,0.43,2.24,1.58
5084509,110.50,-0.69,-33.43,7.06,-0.46,3.70,101556.26,39.33,-0.11,0.84,0.98
5095824,113.20,1.10,-33.88,11.97,2.13,1.97,101555.55,39.33,0.41,1.38,0.24
5105991,115.30,1.89,-34.37,3.19,-0.17,6.29,101556.54,39.33,-0.35,-0.19,1.77
5116231,117.74,3.01,-34.62,10.71,1.66,2.85,101556.78,39.33,0.13,0.98,0.51
5126473,119.89,4.13,-35.13,6.69,-3.51,5.95,101556.97,39.33,-0.25,0.27,1.47
5136714,122.11,5.13,-35.56,8.56,0.21,4.60,101556.59,39.33,-0.01,0.52,0.96
5146958,123.66,6.50,-36.16,8.54,0.62,4.89,101555.53,39.33,0.08,0.69,1.13
5157206,125.91,7.04,-36.41,5.81,-2.07,6.02,101554.98,39.33,-0.14,0.18,1.36
5167448,128.58,7.97,-36.74,8.06,-0.61,4.66,101556.38,39.33,-0.11,0.66,0.66
5177693,130.83,8.58,-37.02,5.16,-1.95,6.37,101556.41,39.33,0.17,0.41,1.11
5187924,133.26,9.85,-37.34,7.96,-0.65,5.46,101555.13,39.33,0.15,0.51,0.81
5199250,135.75,10.63,-37.63,5.47,-2.31,7.11,101557.79,39.33,0.07,0.73,1.18
5209495,137.51,11.51,-38.03,7.04,-0.94,7.26,101558.77,39.33,0.09,0.97,0.98
5219733,139.27,12.13,-38.22,3.23,-0.30,9.95,101558.94,39.33,-0.26,0.66,1.95
5229972,140.63,12.46,-38.19,4.39,0.56,10.67,101557.80,39.33,-0.01,0.68,1.21
5240209,141.34,12.74,-38.18,2.35,1.15,11.42,101555.93,39.33,-0.24,0.92,1.30
5250448,140.93,12.53,-38.02,2.85,1.65,11.61,101554.27,39.33,-0.16,0.54,1.63
5260679,139.16,11.56,-37.81,-0.19,3.89,11.26,101553.55,39.33,-0.46,0.97,1.69
5270914,137.34,9.17,-36.89,0.31,0.17,-0.05,101554.52,39.33,-0.76,0.43,1.67
5281152,136.37,6.24,-35.87,2.68,5.57,-12.69,101556.30,39.33,-0.27,0.67,0.18
5291396,136.44,3.15,-34.68,2.10,19.18,-30.29,101556.09,39.33,0.06,2.17,-1.14
5302728,137.73,0.41,-33.39,9.16,25.04,-40.94,101556.44,39.33,0.21,3.25,-3.63
5312964,140.14,-0.97,-32.54,1.72,15.60,-31.77,101557.98,39.33,-0.35,3.07,-4.36
5323205,143.48,-2.18,-31.81,1.97,9.94,-17.98,101557.34,39.33,-0.46,1.59,-2.24
5333454,147.19,-2.80,-31.11,3.07,4.11,-4.05,101554.82,39.33,-0.33,1.37,-0.06
5343664,151.10,-3.66,-30.41,2.23,1.94,0.80,101554.45,39.33,-0.38,0.67,0.34
5353875,155.07,-4.15,-29.81,3.53,2.31,1.67,101554.21,39.33,-0.11,1.11,0.34
5364096,159.04,-4.86,-29.14,1.79,1.42,3.80,101555.53,39.33,-0.22,0.53,0.69
5374279,162.67,-5.02,-28.58,3.15,2.78,2.80,101556.00,39.33,0.03,0.77,0.33
5384467,166.32,-5.38,-28.00,1.29,1.91,2.99,101557.16,39.33,0.05,0.55,0.34
5394635,169.40,-5.32,-27.52,1.61,2.83,-0.03,101556.98,39.33,0.01,0.62,-0.09
5405913,172.61,-5.27,-26.92,0.61,1.77,-0.96,101559.16,39.33,-0.08,0.59,0.14
5416098,175.09,-5.16,-26.51,0.19,1.66,-0.71,101558.22,39.33,-0.05,0.59,-0.21
5426281,177.45,-5.05,-26.04,-0.63,-0.08,-0.64,101559.33,39.33,0.07,0.59,-0.31
5436477,179.68,-4.88,-25.66,-1.45,-1.36,-0.05,101558.87,39.33,0.13,0.23,-0.41
5450964,-177.46,-4.46,-25.14,-1.99,-2.08,0.51,101558.02,39.33,-0.13,0.36,-0.24
5461148,-175.62,-4.17,-24.86,-2.73,-1.93,0.18,101557.38,39.33,-0.10,0.23,0.11
5471329,-173.91,-3.84,-24.57,-3.26,-2.29,-0.19,101557.39,39.33,-0.18,0.08,0.06
5481512,-172.51,-3.55,-24.31,-4.01,-1.61,-0.02,101557.95,39.33,0.00,0.13,0.17
5491708,-171.33,-3.19,-24.08,-4.15,-1.76,-0.17,101557.57,39.33,-0.39,0.26,0.19
5501890,-170.32,-2.72,-23.86,-4.70,-2.50,0.45,101557.04,39.33,-0.43,0.09,-0.20
5513167,-169.49,-2.27,-23.60,-5.53,-2.97,0.78,101557.41,39.33,-0.16,0.17,-0.27
5523339,-168.93,-2.00,-23.35,-5.55,-3.16,1.97,101556.91,39.33,-0.35,0.11,0.18
5533349,-168.50,-1.96,-22.91,-3.75,-1.11,0.59,101556.05,39.33,-0.34,0.45,0.70
5543530,-168.28,-1.75,-22.30,-2.06,-1.38,-1.56,101554.34,39.32,-0.03,0.48,0.34
5553523,-168.25,-1.25,-21.72,-1.52,-2.19,1.01,101555.90,39.33,0.03,-0.02,0.07
5563638,-168.48,-0.90,-21.31,-1.37,-2.97,2.92,101558.37,39.33,-0.03,0.15,0.09
5573627,-169.18,-0.55,-20.96,-1.55,-3.40,3.31,101558.16,39.33,0.27,-0.05,0.02
5583727,-170.10,-0.23,-20.81,-0.95,-3.49,2.09,101558.75,39.33,0.13,-0.01,0.24
5593750,-171.42,0.14,-20.73,-0.62,-4.41,0.67,101558.18,39.33,0.22,-0.04,0.32
5603865,-172.75,0.40,-20.74,-0.60,-4.02,-0.36,101555.19,39.33,0.12,0.50,0.10
5615152,-174.58,0.66,-20.86,-0.23,-2.40,-2.16,101555.76,39.33,0.06,0.33,0.14
5625322,-176.16,0.80,-21.03,-0.02,-1.20,-1.90,101556.70,39.33,0.05,0.38,0.03
5635334,-178.00,0.90,-21.26,-0.10,-0.72,-0.51,101556.39,39.33,0.13,0.31,0.01
5645511,-179.54,0.90,-21.50,-0.09,0.15,0.42,101558.71,39.33,0.14,0.41,0.00
5655536,178.53,0.87,-21.75,0.12,0.97,0.75,101558.41,39.33,0.11,0.47,0.16
5665722,177.04,0.85,-21.97,0.43,1.43,0.64,101559.21,39.33,0.06,0.60,0.19
5675732,175.47,0.89,-22.22,0.80,1.69,0.47,101558.02,39.33,0.13,0.55,-0.00
5685839,174.31,0.93,-22.43,0.97,2.03,0.41,101561.20,39.33,-0.09,0.66,0.23
5695853,172.99,1.01,-22.66,1.25,2.48,0.61,101558.74,39.33,0.02,0.76,0.32
5705966,172.05,1.05,-22.84,1.33,2.42,1.02,101559.20,39.33,0.12,0.93,0.22
5716195,171.21,1.15,-23.05,1.63,2.08,1.17,101558.77,39.33,0.22,0.66,0.16
5726303,170.69,1.26,-23.13,1.86,1.82,1.10,101560.51,39.33,0.20,0.80,0.15
5736479,170.36,1.39,-23.24,2.03,1.75,0.65,101560.27,39.33,0.24,0.82,0.19
5746667,170.23,1.47,-23.31,1.96,1.50,0.49,101560.62,39.33,0.16,0.67,0.23
5756846,170.36,1.56,-23.40,1.98,1.02,0.59,101558.30,39.33,0.15,0.60,0.36
5767041,170.54,1.62,-23.52,1.90,1.13,0.54,101558.97,39.33,0.15,0.55,0.38
5777193,170.70,1.66,-23.62,1.90,1.28,0.49,101557.82,39.33,0.30,0.66,0.31
5787373,170.90,1.69,-23.74,1.82,1.23,0.56,101558.27,39.33,0.37,0.68,0.45
5797562,171.16,1.70,-23.86,1.77,1.22,0.55,101558.56,39.33,0.27,0.57,-0.03
5807741,171.38,1.68,-23.96,1.65,1.40,0.34,101559.85,39.33,0.09,0.54,0.07
5819017,171.60,1.66,-24.08,1.62,1.59,0.04,101557.73,39.33,0.21,0.66,0.09
5829211,171.84,1.62,-24.17,1.47,1.40,0.19,101556.63,39.33,-0.04,0.76,0.25
5839214,172.23,1.60,-24.23,1.50,1.07,0.39,101556.87,39.32,0.03,0.58,0.13
5849397,172.59,1.59,-24.28,1.43,0.94,0.30,101556.74,39.32,-0.07,0.62,0.06
5859400,172.98,1.59,-24.34,1.38,1.08,0.08,101556.42,39.33,-0.17,0.67,0.25
5869575,173.32,1.60,-24.39,1.34,0.91,0.19,101556.95,39.33,-0.11,0.72,0.05
5879581,173.78,1.60,-24.43,1.28,0.65,0.40,101556.58,39.33,0.17,0.57,0.01
5889709,174.15,1.59,-24.47,1.21,0.53,0.35,101555.77,39.33,0.15,0.62,0.28
5899716,174.54,1.57,-24.51,1.10,0.57,0.17,101556.71,39.33,0.15,0.63,0.09
5909823,174.86,1.53,-24.55,0.99,0.48,0.20,101555.38,39.33,0.30,0.56,0.33
5920058,175.23,1.49,-24.59,0.95,0.39,0.24,101556.67,39.33,0.14,0.50,0.03
5930166,175.46,1.44,-24.62,0.82,0.51,0.07,101556.87,39.33,0.07,0.49,-0.11
5940179,175.68,1.42,-24.66,0.90,0.58,-0.08,101556.52,39.33,0.05,0.65,-0.14
5950293,175.90,1.41,-24.72,0.84,0.38,0.07,101557.28,39.33,0.05,0.64,-0.18
5960480,176.12,1.40,-24.80,0.81,0.17,0.26,101558.35,39.33,0.05,0.64,0.20
5970667,176.24,1.39,-24.83,0.80,0.21,0.11,101556.09,39.33,0.21,0.40,0.12
5980837,176.32,1.37,-24.89,0.73,0.27,0.13,101557.47,39.33,0.24,0.55,0.02
5991027,176.33,1.34,-24.95,0.69,0.37,0.25,101558.50,39.33,0.09,0.50,0.00
6001192,176.25,1.34,-25.00,0.79,0.52,0.21,101555.68,39.33,0.13,0.57,0.35
6011343,176.13,1.34,-25.05,0.83,0.62,0.24,101555.10,39.33,0.14,0.54,0.31
6022583,175.97,1.33,-25.09,0.86,0.64,0.27,101555.46,39.33,0.46,0.46,0.10
6032777,175.86,1.34,-25.12,0.88,0.67,0.30,101554.41,39.33,0.13,0.52,0.22
6042765,175.72,1.35,-25.16,0.93,0.76,0.36,101557.24,39.33,-0.05,0.53,0.04
6052936,175.62,1.36,-25.19,0.97,0.79,0.32,101556.81,39.33,0.07,0.54,0.40
6062939,175.52,1.37,-25.24,0.97,0.82,0.34,101557.74,39.33,0.25,0.54,0.43
6073051,175.48,1.37,-25.27,0.94,0.79,0.37,101557.68,39.33,0.09,0.54,0.16
6083041,175.48,1.38,-25.31,0.98,0.75,0.32,101558.68,39.33,0.06,0.58,0.03
6093157,175.50,1.37,-25.34,0.93,0.69,0.27,101557.86,39.33,0.05,0.66,0.20
6103149,175.57,1.35,-25.37,0.89,0.61,0.29,101556.47,39.33,0.24,0.64,0.04
6113264,175.66,1.36,-25.42,0.91,0.57,0.25,101556.73,39.33,0.09,0.64,-0.03
6124548,175.75,1.36,-25.47,0.90,0.51,0.27,101556.94,39.33,0.17,0.52,0.03
6134720,175.81,1.35,-25.51,0.89,0.53,0.20,101556.56,39.33,0.11,0.57,0.01
6144749,175.86,1.34,-25.55,0.85,0.49,0.20,101557.57,39.33,0.10,0.47,-0.08
6154926,175.88,1.33,-25.58,0.83,0.51,0.25,101558.07,39.33,-0.02,0.56,0.02
6164930,175.90,1.33,-25.64,0.87,0.55,0.25,101556.89,39.33,0.04,0.50,0.08
6175118,175.89,1.34,-25.69,0.87,0.59,0.25,101554.21,39.33,0.05,0.30,0.33
6185126,175.87,1.33,-25.75,0.84,0.58,0.26,101554.78,39.33,0.20,0.49,0.22
6195235,175.85,1.34,-25.81,0.89,0.61,0.30,101554.68,39.33,0.08,0.45,0.24
6205240,175.81,1.36,-25.87,0.90,0.66,0.34,101555.91,39.33,0.06,0.64,0.17
6215347,175.78,1.37,-25.92,0.91,0.68,0.26,101555.28,39.33,0.09,0.67,-0.20
6226624,175.76,1.36,-25.98,0.87,0.67,0.30,101555.07,39.33,0.14,0.68,-0.24
6236713,175.76,1.37,-26.03,0.91,0.66,0.29,101554.39,39.33,0.11,0.49,-0.05
6246743,175.78,1.37,-26.09,0.89,0.63,0.28,101554.64,39.33,0.06,0.49,0.34
6256926,175.80,1.36,-26.15,0.86,0.58,0.25,101556.38,39.33,0.25,0.53,0.26
6266919,175.83,1.36,-26.19,0.87,0.58,0.24,101556.15,39.33,0.17,0.50,0.05
6277108,175.84,1.36,-26.23,0.90,0.58,0.34,101557.01,39.33,0.07,0.53,-0.15
6287120,175.86,1.36,-26.27,0.89,0.56,0.25,101557.13,39.33,0.09,0.50,0.01
6297237,175.86,1.35,-26.31,0.85,0.58,0.23,101557.21,39.33,0.25,0.57,-0.19
6307239,175.86,1.35,-26.35,0.86,0.59,0.24,101557.80,39.33,0.17,0.66,-0.12
6317331,175.85,1.35,-26.39,0.89,0.63,0.28,101556.18,39.33,0.07,0.56,-0.02
6327553,175.83,1.35,-26.43,0.89,0.62,0.26,101557.02,39.33,0.05,0.50,-0.00
6337673,175.83,1.35,-26.47,0.86,0.61,0.24,101556.62,39.33,0.21,0.53,-0.12
6347681,175.82,1.34,-26.51,0.87,0.60,0.26,101557.88,39.33,0.08,0.46,0.17
6357795,175.81,1.34,-26.54,0.90,0.59,0.28,101558.03,39.33,0.29,0.68,-0.36
6367983,175.79,1.33,-26.57,0.88,0.60,0.28,101558.41,39.33,0.33,0.57,-0.34
6378172,175.78,1.32,-26.60,0.86,0.62,0.31,101557.93,39.33,-0.09,0.54,-0.15
6388357,175.75,1.31,-26.62,0.89,0.61,0.26,101556.80,39.33,0.10,0.38,0.05
6398546,175.72,1.31,-26.62,0.91,0.62,0.27,101556.47,39.33,0.29,0.43,0.24
6408748,175.70,1.30,-26.64,0.90,0.62,0.22,101556.45,39.33,0.45,0.48,0.13
6418927,175.69,1.29,-26.67,0.88,0.63,0.20,101556.20,39.33,0.21,0.53,0.22
6430198,175.67,1.29,-26.70,0.90,0.63,0.27,101554.21,39.33,0.08,0.69,0.04
6440383,175.66,1.30,-26.73,0.93,0.63,0.33,101554.25,39.33,-0.41,0.69,0.13
6454693,175.65,1.28,-26.77,0.90,0.62,0.26,101554.02,39.33,-0.04,0.57,0.34
6464801,175.67,1.28,-26.82,0.88,0.61,0.29,101553.70,39.32,-0.17,0.62,0.18
6474974,175.67,1.29,-26.85,0.91,0.63,0.28,101554.66,39.33,0.01,0.59,0.04
6485171,175.65,1.27,-26.86,0.91,0.62,0.27,101555.87,39.33,0.04,0.59,-0.34
6495358,175.64,1.27,-26.88,0.90,0.62,0.26,101557.30,39.33,-0.15,0.66,0.17
6505550,175.63,1.26,-26.90,0.90,0.63,0.25,101558.13,39.33,0.13,0.68,0.42
6515733,175.63,1.27,-26.94,0.92,0.62,0.29,101558.75,39.33,0.22,0.45,0.12
6525924,175.63,1.27,-26.97,0.93,0.62,0.29,101558.18,39.33,0.20,0.52,0.06
6537190,175.61,1.27,-26.98,0.92,0.63,0.26,101558.52,39.33,0.12,0.61,0.01
6547360,175.61,1.28,-27.01,0.94,0.62,0.29,101557.23,39.33,0.30,0.47,0.00
6557561,175.60,1.29,-27.04,0.95,0.62,0.29,101557.05,39.33,0.25,0.52,0.08
6567734,175.61,1.29,-27.08,0.91,0.60,0.26,101558.44,39.33,0.13,0.46,0.02
6577911,175.58,1.27,-27.07,0.90,0.62,0.20,101558.98,39.33,0.10,0.33,-0.08
6588088,175.57,1.26,-27.08,0.92,0.59,0.25,101558.35,39.33,0.06,0.65,-0.02
6598262,175.57,1.27,-27.10,0.94,0.61,0.25,101558.13,39.33,0.29,0.48,-0.00
6608454,175.55,1.26,-27.11,0.91,0.61,0.26,101558.50,39.33,0.21,0.53,0.51
6618643,175.55,1.25,-27.13,0.91,0.60,0.30,101557.23,39.33,0.12,0.54,0.38
6628811,175.53,1.25,-27.14,0.94,0.63,0.28,101555.22,39.32,0.10,0.58,0.08
6640096,175.54,1.26,-27.18,0.94,0.61,0.25,101555.79,39.33,0.06,0.55,0.09
6650275,175.52,1.25,-27.20,0.93,0.65,0.26,101557.27,39.33,-0.03,0.58,0.02
6660466,175.52,1.25,-27.23,0.93,0.62,0.26,101557.06,39.33,0.19,0.55,0.39
6670660,175.53,1.26,-27.27,0.94,0.64,0.26,101555.63,39.33,0.23,0.46,0.12
6680847,175.54,1.27,-27.30,0.95,0.62,0.26,101556.59,39.33,0.16,0.56,0.22
6691028,175.54,1.28,-27.34,0.95,0.63,0.26,101557.34,39.33,-0.05,0.62,0.51
6701219,175.54,1.27,-27.35,0.92,0.57,0.30,101558.67,39.33,0.07,0.67,0.30
6711399,175.53,1.25,-27.35,0.91,0.62,0.28,101558.37,39.33,0.05,0.68,0.06
6721571,175.55,1.26,-27.40,0.91,0.61,0.28,101557.63,39.33,0.09,0.57,0.01
6731761,175.54,1.24,-27.41,0.91,0.62,0.26,101558.10,39.33,-0.06,0.66,0.16
6743053,175.52,1.24,-27.42,0.92,0.65,0.26,101556.95,39.33,0.14,0.60,0.38
6753234,175.50,1.23,-27.42,0.95,0.63,0.27,101557.58,39.33,0.38,0.55,0.15
6763421,175.51,1.24,-27.46,0.93,0.62,0.25,101557.30,39.33,-0.00,0.66,0.15
6773611,175.50,1.23,-27.48,0.93,0.63,0.28,101557.34,39.33,0.27,0.56,-0.13
6783802,175.49,1.22,-27.50,0.92,0.64,0.23,101557.38,39.33,0.17,0.54,-0.42
6793972,175.47,1.22,-27.50,0.95,0.63,0.30,101556.61,39.34,-0.04,0.46,-0.08
6804169,175.44,1.21,-27.49,0.94,0.64,0.25,101556.33,39.34,0.15,0.52,0.10
6814357,175.44,1.20,-27.51,0.91,0.65,0.23,101554.88,39.33,0.15,0.57,0.06
6824554,175.44,1.21,-27.53,0.95,0.63,0.25,101555.27,39.33,0.11,0.47,0.21
6834750,175.43,1.20,-27.54,0.94,0.63,0.30,101555.29,39.33,0.10,0.56,0.28
6846025,175.42,1.20,-27.55,0.95,0.62,0.27,101555.36,39.33,0.06,0.62,0.29
6856205,175.43,1.20,-27.57,0.93,0.63,0.26,101555.36,39.33,0.17,0.67,0.06
6866379,175.42,1.19,-27.57,0.94,0.62,0.26,101556.66,39.33,0.07,0.60,0.01
6876575,175.42,1.19,-27.58,0.95,0.62,0.24,101557.91,39.33,0.09,0.43,0.12
6886755,175.42,1.18,-27.59,0.93,0.63,0.27,101557.80,39.33,0.06,0.59,0.02
6896939,175.43,1.17,-27.61,0.92,0.63,0.24,101556.70,39.33,0.05,0.67,0.36
6907134,175.42,1.18,-27.63,0.94,0.65,0.27,101553.54,39.33,-0.19,0.56,0.27
6917324,175.43,1.18,-27.66,0.95,0.64,0.29,101551.19,39.33,0.08,0.66,-0.10
6927516,175.45,1.20,-27.69,0.96,0.62,0.28,101552.52,39.33,-0.02,0.64,0.02
6937718,175.46,1.20,-27.72,0.93,0.63,0.30,101554.53,39.33,0.07,0.52,-0.15
6948997,175.47,1.20,-27.74,0.95,0.61,0.25,101555.27,39.32,0.09,0.53,0.28
6959187,175.48,1.21,-27.77,0.93,0.63,0.25,101555.56,39.33,0.21,0.65,0.25
6969358,175.49,1.21,-27.80,0.92,0.61,0.27,101554.51,39.32,0.16,0.48,0.05
6979523,175.48,1.20,-27.81,0.93,0.62,0.29,101555.27,39.32,0.23,0.49,0.01
6989714,175.46,1.20,-27.82,0.94,0.64,0.26,101554.27,39.32,0.08,0.57,0.08
6999880,175.45,1.19,-27.82,0.93,0.61,0.29,101554.57,39.33,0.13,0.58,0.02
7010076,175.43,1.18,-27.81,0.94,0.65,0.26,101555.80,39.32,0.10,0.59,0.08
7020259,175.39,1.16,-27.79,0.94,0.63,0.24,101557.02,39.33,0.33,0.31,0.17
7030444,175.40,1.17,-27.82,0.96,0.65,0.22,101556.62,39.32,0.22,0.53,0.15
7040637,175.40,1.18,-27.84,0.95,0.63,0.25,101554.53,39.32,-0.11,0.54,0.46
7051917,175.41,1.18,-27.87,0.94,0.63,0.27,101553.47,39.32,-0.18,0.65,0.40
7062019,175.41,1.18,-27.89,0.95,0.64,0.27,101554.23,39.33,0.00,0.60,0.08
7072045,175.40,1.18,-27.89,0.95,0.63,0.25,101553.75,39.33,0.04,0.59,0.13
7082230,175.39,1.18,-27.89,0.96,0.65,0.27,101554.70,39.33,0.09,0.51,-0.13
7092233,175.40,1.18,-27.91,0.95,0.62,0.24,101556.16,39.32,0.21,0.57,0.01
7102394,175.40,1.18,-27.92,0.94,0.63,0.26,101556.24,39.33,0.08,0.54,0.00
7112423,175.39,1.18,-27.93,0.96,0.65,0.27,101557.84,39.33,-0.10,0.46,0.24
7122540,175.39,1.19,-27.95,0.96,0.65,0.28,101557.25,39.33,-0.06,0.48,0.24
7132549,175.39,1.19,-27.96,0.95,0.63,0.25,101557.81,39.33,0.18,0.45,-0.11
7142676,175.39,1.19,-27.97,0.95,0.62,0.28,101557.73,39.33,0.23,0.56,-0.26
7152905,175.40,1.20,-27.98,0.98,0.61,0.27,101558.18,39.33,-0.11,0.74,-0.21
7163018,175.40,1.20,-27.99,0.95,0.64,0.28,101559.04,39.33,0.10,0.69,-0.28
7173026,175.41,1.20,-28.01,0.95,0.61,0.25,101558.67,39.33,0.21,0.65,-0.02
7183146,175.40,1.19,-28.02,0.94,0.63,0.23,101560.18,39.33,0.12,0.48,0.27
7193340,175.41,1.21,-28.04,0.98,0.62,0.26,101559.49,39.33,0.06,0.45,0.21
7203525,175.41,1.20,-28.05,0.95,0.63,0.23,101559.51,39.33,0.09,0.68,-0.11
7213725,175.43,1.21,-28.10,0.92,0.63,0.24,101560.28,39.33,0.21,0.53,0.02
7223917,175.42,1.20,-28.11,0.94,0.62,0.24,101560.10,39.33,0.32,0.50,-0.15
7234093,175.41,1.19,-28.10,0.94,0.63,0.26,101560.48,39.33,0.18,0.45,-0.03
7244263,175.39,1.19,-28.09,0.96,0.63,0.25,101560.77,39.33,0.08,0.56,-0.01
7255552,175.36,1.18,-28.08,0.95,0.63,0.27,101558.41,39.33,0.05,0.58,0.39
7265742,175.34,1.16,-28.07,0.94,0.64,0.29,101559.73,39.33,0.09,0.70,0.08
7275769,175.33,1.16,-28.06,0.96,0.63,0.29,101558.14,39.33,0.21,0.69,0.21
7285960,175.31,1.15,-28.05,0.96,0.65,0.29,101557.98,39.33,0.12,0.61,0.32
7295964,175.31,1.15,-28.06,0.97,0.64,0.27,101556.32,39.32,0.61,0.55,-0.29
7306155,175.31,1.15,-28.07,0.96,0.64,0.28,101556.87,39.32,0.20,0.54,0.10
7316163,175.32,1.16,-28.09,0.98,0.62,0.28,101556.75,39.32,0.20,0.54,0.29
7326288,175.32,1.16,-28.10,0.97,0.64,0.29,101556.94,39.32,-0.20,0.54,0.29
7336293,175.32,1.16,-28.11,0.95,0.63,0.28,101557.62,39.32,0.27,0.50,0.14
7346412,175.32,1.16,-28.12,0.96,0.64,0.25,101556.55,39.32,0.09,0.65,0.22
7356644,175.32,1.15,-28.14,0.95,0.64,0.28,101557.04,39.32,0.29,0.60,0.04
7366743,175.32,1.15,-28.15,0.97,0.65,0.24,101555.84,39.32,0.14,0.67,0.01
7376769,175.32,1.15,-28.16,0.96,0.64,0.30,101558.33,39.33,0.22,0.60,0.04
7386881,175.32,1.15,-28.17,0.96,0.62,0.26,101559.67,39.33,0.12,0.43,0.48
7397077,175.32,1.15,-28.18,0.94,0.66,0.25,101559.65,39.33,0.22,0.52,-0.02
7407270,175.33,1.15,-28.20,0.96,0.62,0.28,101559.10,39.33,0.32,0.53,-0.12
7417465,175.32,1.15,-28.20,0.98,0.66,0.29,101559.21,39.33,0.14,0.61,0.41
7427662,175.29,1.15,-28.18,0.99,0.64,0.25,101558.80,39.33,0.07,0.59,0.24
7437846,175.30,1.16,-28.19,0.98,0.63,0.27,101558.20,39.33,0.21,0.59,0.40
7448026,175.29,1.15,-28.20,0.95,0.64,0.29,101557.26,39.33,0.00,0.59,0.24
7463608,175.29,1.15,-28.20,0.98,0.63,0.28,101556.32,39.33,0.24,0.55,0.20
7473732,175.29,1.15,-28.21,0.96,0.64,0.28,101555.84,39.33,0.13,0.62,-0.39
7483902,175.29,1.14,-28.21,0.96,0.64,0.25,101556.27,39.33,0.06,0.83,-0.08
7494092,175.29,1.14,-28.22,0.95,0.63,0.25,101555.02,39.33,0.09,0.48,0.18
7504263,175.30,1.15,-28.24,0.99,0.64,0.25,101554.87,39.33,0.10,0.53,0.04
7514455,175.31,1.15,-28.25,0.96,0.62,0.25,101554.77,39.33,-0.06,0.50,-0.38
7524650,175.30,1.15,-28.24,0.98,0.63,0.27,101554.94,39.33,0.18,0.57,-0.27
7534839,175.30,1.15,-28.25,0.97,0.64,0.33,101557.12,39.33,0.08,0.54,0.10
7545006,175.31,1.16,-28.28,0.97,0.63,0.31,101557.46,39.33,0.02,0.54,0.06
7555205,175.31,1.16,-28.28,0.97,0.64,0.25,101556.95,39.33,0.04,0.58,0.29
7566492,175.31,1.16,-28.29,0.96,0.63,0.26,101558.14,39.33,0.32,0.55,0.10
7576679,175.32,1.16,-28.30,0.97,0.61,0.27,101556.43,39.33,0.10,0.58,0.10
7586867,175.32,1.17,-28.31,0.97,0.63,0.28,101556.18,39.33,0.06,0.47,0.21
7597048,175.33,1.17,-28.32,0.99,0.63,0.25,101556.27,39.33,0.09,0.45,0.08
7607231,175.32,1.17,-28.32,0.97,0.62,0.30,101556.03,39.33,0.14,0.56,0.02
7617418,175.32,1.17,-28.32,0.95,0.63,0.27,101556.42,39.33,0.14,0.66,-0.19
7627617,175.32,1.16,-28.32,0.95,0.61,0.28,101555.41,39.33,0.07,0.68,0.16
7637807,175.29,1.14,-28.30,0.96,0.65,0.29,101554.89,39.33,-0.10,0.45,0.27
7648006,175.29,1.14,-28.31,0.95,0.62,0.25,101557.11,39.33,0.06,0.44,0.17
7658203,175.29,1.14,-28.31,0.97,0.63,0.26,101558.73,39.33,0.25,0.36,0.23
7669465,175.28,1.14,-28.30,0.98,0.64,0.25,101557.40,39.33,0.32,0.50,0.05
7679640,175.28,1.14,-28.31,0.96,0.62,0.30,101555.88,39.33,0.18,0.53,0.01
7689824,175.30,1.15,-28.33,0.98,0.62,0.25,101557.82,39.33,0.08,0.46,0.24
7700010,175.30,1.15,-28.35,0.97,0.65,0.23,101559.27,39.33,-0.49,0.64,-0.03
7710201,175.30,1.16,-28.35,0.99,0.62,0.27,101559.08,39.33,-0.06,0.60,-0.12
7720392,175.29,1.16,-28.33,0.99,0.62,0.28,101559.21,39.33,0.07,0.59,0.25
7730572,175.28,1.15,-28.33,0.97,0.64,0.27,101557.25,39.33,0.13,0.51,0.05
7740770,175.27,1.15,-28.33,0.97,0.63,0.29,101556.96,39.33,0.22,0.45,-0.03
7750952,175.27,1.15,-28.33,0.99,0.64,0.27,101557.10,39.33,-0.07,0.52,0.07
7761150,175.27,1.15,-28.33,0.97,0.63,0.28,101557.18,39.33,0.14,0.73,-0.14
7772446,175.27,1.15,-28.33,0.97,0.63,0.27,101557.25,39.33,0.22,0.42,0.13
7782639,175.26,1.15,-28.34,0.97,0.64,0.28,101556.80,39.33,0.28,0.71,0.22
7792821,175.26,1.14,-28.34,0.96,0.66,0.29,101558.54,39.33,0.09,0.38,0.24
7803008,175.26,1.14,-28.35,0.98,0.63,0.25,101558.54,39.33,0.18,0.43,0.60
7813190,175.27,1.14,-28.36,0.97,0.62,0.25,101558.77,39.33,0.35,0.48,0.12
7823382,175.25,1.14,-28.34,0.98,0.64,0.27,101557.95,39.33,0.19,0.49,0.10
7833572,175.25,1.14,-28.34,0.98,0.62,0.28,101556.27,39.33,0.23,0.64,0.10
7843776,175.24,1.13,-28.34,0.97,0.64,0.27,101557.87,39.33,0.09,0.60,-0.02
7853961,175.25,1.13,-28.35,0.97,0.63,0.26,101557.77,39.33,0.21,0.51,0.11
7864168,175.25,1.13,-28.35,0.96,0.65,0.27,101558.48,39.33,0.08,0.61,-0.21
7875449,175.25,1.12,-28.36,0.97,0.65,0.26,101557.21,39.33,0.13,0.47,0.04
7885650,175.27,1.14,-28.39,0.98,0.63,0.29,101557.54,39.33,0.07,0.45,0.05
7895835,175.28,1.13,-28.41,0.95,0.63,0.28,101558.55,39.33,0.05,0.71,0.13
7906021,175.27,1.13,-28.39,0.98,0.62,0.25,101559.31,39.33,-0.07,0.69,-0.09
7916216,175.27,1.13,-28.39,0.98,0.62,0.28,101559.63,39.33,0.10,0.49,0.29
7926402,175.26,1.12,-28.38,0.95,0.64,0.25,101558.32,39.33,-0.14,0.49,0.29
7936600,175.25,1.12,-28.38,0.98,0.63,0.29,101559.15,39.33,0.29,0.57,-0.14
7946795,175.25,1.12,-28.36,0.99,0.63,0.26,101560.04,39.33,0.10,0.50,-0.07
7956990,175.25,1.11,-28.37,0.95,0.64,0.26,101559.92,39.33,0.41,0.53,0.03
7967169,175.27,1.12,-28.39,0.98,0.64,0.24,101557.76,39.33,0.12,0.73,0.01
7978456,175.29,1.12,-28.41,0.95,0.63,0.26,101557.69,39.33,0.22,0.62,0.27
7988648,175.29,1.13,-28.43,0.97,0.65,0.27,101558.16,39.33,0.16,0.55,0.25
7998658,175.31,1.13,-28.46,0.97,0.63,0.27,101557.23,39.33,0.19,0.50,0.09
8008775,175.31,1.14,-28.48,0.97,0.64,0.27,101558.07,39.33,-0.20,0.61,0.17
8018787,175.33,1.14,-28.50,0.96,0.63,0.31,101558.44,39.33,0.04,0.67,0.54
8028909,175.34,1.14,-28.52,0.94,0.62,0.26,101556.40,39.33,-0.11,0.56,0.19
8038914,175.35,1.14,-28.54,0.95,0.62,0.27,101554.87,39.32,0.13,0.50,0.08
8049037,175.35,1.14,-28.54,0.94,0.61,0.27,101555.01,39.33,0.07,0.53,0.33
8059227,175.36,1.14,-28.56,0.96,0.61,0.31,101556.91,39.33,-0.03,0.54,0.14
8069429,175.34,1.13,-28.54,0.97,0.62,0.25,101558.59,39.33,0.15,0.50,-0.05
8080711,175.34,1.14,-28.54,0.96,0.62,0.25,101558.85,39.33,0.23,0.33,-0.24
8090909,175.34,1.14,-28.54,0.96,0.64,0.29,101558.01,39.33,0.08,0.50,0.26
8100911,175.31,1.14,-28.53,0.99,0.65,0.28,101557.35,39.33,0.13,0.41,0.40
8111108,175.30,1.13,-28.51,0.96,0.63,0.27,101557.92,39.33,0.22,0.51,0.39
8121118,175.27,1.13,-28.49,1.00,0.63,0.25,101558.06,39.32,0.08,0.61,0.24
8131309,175.26,1.12,-28.46,0.97,0.61,0.30,101558.70,39.33,0.13,0.71,0.13
8141314,175.24,1.11,-28.44,0.97,0.63,0.25,101559.41,39.33,0.30,0.61,0.06
8151421,175.22,1.10,-28.41,0.98,0.64,0.27,101558.70,39.33,0.49,0.59,0.01
8161450,175.20,1.09,-28.39,0.98,0.65,0.28,101558.39,39.33,0.14,0.63,-0.23
8171565,175.19,1.09,-28.37,0.98,0.64,0.27,101559.20,39.33,0.07,0.48,-0.05
8181787,175.18,1.08,-28.34,0.98,0.62,0.27,101559.54,39.33,-0.14,0.53,-0.01
8191895,175.17,1.08,-28.32,0.99,0.64,0.23,101558.01,39.33,0.05,0.61,-0.00
8201897,175.15,1.07,-28.30,0.98,0.66,0.26,101556.32,39.33,0.21,0.55,-0.00
8212017,175.16,1.08,-28.31,1.00,0.64,0.29,101557.41,39.33,0.16,0.58,0.16
8222213,175.15,1.08,-28.30,0.99,0.65,0.28,101557.92,39.33,0.07,0.58,-0.01
8232420,175.16,1.08,-28.31,0.98,0.63,0.28,101559.37,39.33,0.21,0.51,0.08
8242615,175.17,1.08,-28.32,0.99,0.64,0.26,101556.84,39.33,-0.08,0.61,-0.10
8252804,175.18,1.09,-28.32,1.00,0.62,0.27,101556.23,39.33,0.18,0.47,-0.53
8262996,175.20,1.10,-28.34,0.99,0.64,0.27,101556.02,39.33,-0.04,0.56,-0.03
8273193,175.21,1.11,-28.36,0.98,0.63,0.30,101556.67,39.33,0.11,0.50,0.35
8284473,175.23,1.11,-28.38,0.97,0.63,0.27,101556.88,39.33,0.37,0.49,-0.28
8294662,175.24,1.11,-28.40,0.98,0.66,0.24,101556.02,39.33,0.11,0.45,0.02
8304672,175.22,1.10,-28.37,0.98,0.62,0.26,101556.87,39.33,0.22,0.52,0.04
8314873,175.19,1.10,-28.34,0.99,0.65,0.24,101555.91,39.33,0.20,0.53,0.13
8324873,175.21,1.10,-28.36,0.95,0.64,0.26,101556.56,39.33,0.08,0.50,-0.21
8335066,175.23,1.10,-28.38,0.97,0.63,0.26,101556.04,39.33,0.05,0.49,-0.16
8345073,175.25,1.12,-28.40,0.99,0.64,0.27,101556.17,39.33,0.13,0.57,0.20
8355196,175.26,1.12,-28.41,0.96,0.64,0.26,101555.46,39.33,0.14,0.54,0.08
8365201,175.27,1.12,-28.43,0.95,0.64,0.28,101555.71,39.32,0.26,0.66,0.21
8375323,175.29,1.12,-28.45,0.96,0.62,0.27,101555.39,39.33,0.21,0.52,0.20
8385556,175.30,1.13,-28.46,0.97,0.64,0.24,101557.46,39.33,0.16,0.46,0.20
8395701,175.31,1.13,-28.48,0.95,0.64,0.27,101556.45,39.33,0.27,0.48,0.20
8405694,175.32,1.13,-28.49,0.96,0.62,0.28,101555.94,39.33,0.13,0.57,0.04
8415815,175.31,1.13,-28.48,0.98,0.64,0.24,101556.57,39.33,0.22,0.43,0.52
8425993,175.30,1.13,-28.47,0.98,0.63,0.29,101556.81,39.33,0.08,0.59,0.18
8436174,175.31,1.14,-28.51,0.97,0.65,0.29,101558.02,39.33,-0.10,0.59,0.04
8446367,175.32,1.14,-28.53,0.94,0.64,0.26,101558.91,39.33,0.14,0.55,-0.19
8456559,175.33,1.14,-28.55,0.95,0.65,0.28,101558.57,39.33,0.14,0.46,0.20
8471055,175.34,1.15,-28.59,0.96,0.65,0.29,101558.05,39.33,0.22,0.52,0.47
8481183,175.34,1.15,-28.60,0.95,0.63,0.25,101557.14,39.33,0.08,0.65,0.17
8492454,175.36,1.15,-28.62,0.95,0.60,0.24,101556.19,39.33,0.06,0.60,0.03
8502655,175.36,1.15,-28.63,0.96,0.64,0.27,101556.27,39.33,0.17,0.47,0.09
8512825,175.37,1.15,-28.65,0.94,0.62,0.27,101557.08,39.33,0.46,0.49,0.02
8523016,175.35,1.15,-28.63,0.96,0.62,0.28,101556.67,39.33,0.01,0.72,0.04
8533199,175.33,1.14,-28.63,0.96,0.64,0.26,101555.35,39.33,0.20,0.65,0.01
8543387,175.31,1.13,-28.60,0.97,0.62,0.24,101555.86,39.33,0.12,0.68,0.35
8553570,175.29,1.12,-28.57,0.96,0.63,0.27,101553.20,39.32,0.30,0.64,0.15
8563767,175.29,1.12,-28.58,0.97,0.63,0.26,101553.77,39.32,0.41,0.52,0.07
8573956,175.26,1.11,-28.55,0.98,0.65,0.27,101553.92,39.32,0.20,0.53,0.17
8584126,175.27,1.11,-28.55,0.97,0.62,0.27,101553.79,39.32,0.12,0.58,0.03
8595415,175.27,1.11,-28.56,0.96,0.63,0.25,101554.20,39.32,0.06,0.62,0.32
8605606,175.26,1.10,-28.55,0.96,0.64,0.25,101553.73,39.32,0.13,0.67,0.22
8615801,175.27,1.11,-28.57,0.97,0.64,0.24,101553.39,39.32,0.10,0.56,0.16
8625989,175.26,1.10,-28.56,0.96,0.63,0.28,101553.38,39.32,0.06,0.50,0.11
8636188,175.27,1.11,-28.57,0.98,0.64,0.23,101557.49,39.33,0.13,0.53,0.06
8646377,175.26,1.10,-28.56,0.98,0.64,0.25,101559.55,39.33,0.14,0.46,0.09
8656570,175.23,1.09,-28.53,0.97,0.66,0.29,101560.08,39.33,0.11,0.52,-0.18
8666766,175.24,1.10,-28.54,0.96,0.63,0.27,101559.70,39.33,0.22,0.69,0.16
8676958,175.26,1.11,-28.57,0.99,0.62,0.28,101558.89,39.33,0.08,0.45,0.19
8687151,175.25,1.11,-28.57,0.98,0.65,0.28,101558.54,39.33,0.06,0.56,0.12
8698435,175.26,1.12,-28.60,0.99,0.65,0.27,101557.49,39.33,-0.18,0.66,-0.13
8708629,175.27,1.12,-28.60,0.95,0.63,0.26,101557.50,39.33,0.00,0.48,0.17
8718819,175.26,1.11,-28.58,0.97,0.62,0.27,101558.78,39.33,0.04,0.57,0.11
8729006,175.26,1.11,-28.59,0.97,0.64,0.30,101558.98,39.33,0.16,0.62,0.30
8739206,175.26,1.11,-28.59,0.96,0.65,0.25,101559.90,39.33,0.15,0.59,-0.02
8749351,175.27,1.11,-28.60,0.96,0.62,0.28,101558.27,39.33,0.26,0.47,0.31
8759522,175.25,1.10,-28.58,0.96,0.63,0.25,101556.79,39.33,0.01,0.41,0.06
8769721,175.24,1.10,-28.56,0.98,0.63,0.24,101557.98,39.33,0.16,0.55,-0.07
8779910,175.23,1.10,-28.55,0.99,0.65,0.29,101556.86,39.33,0.07,0.58,0.14
8790101,175.24,1.10,-28.56,0.96,0.64,0.26,101556.25,39.33,0.13,0.47,0.18
8801388,175.23,1.09,-28.55,0.98,0.65,0.25,101556.30,39.33,0.26,0.56,0.08
8811558,175.23,1.10,-28.56,0.98,0.64,0.22,101555.84,39.33,0.25,0.66,0.02
8821741,175.22,1.09,-28.54,0.97,0.64,0.28,101554.70,39.33,0.09,0.52,0.12
8831933,175.20,1.07,-28.51,0.96,0.63,0.24,101556.43,39.33,0.13,0.50,0.69
8842134,175.21,1.07,-28.51,0.97,0.64,0.29,101556.68,39.33,0.07,0.49,0.29
8852320,175.22,1.08,-28.52,0.98,0.63,0.28,101558.95,39.33,0.36,0.45,0.22
8862512,175.24,1.09,-28.55,0.97,0.64,0.28,101560.64,39.33,0.27,0.52,-0.43
8872708,175.22,1.08,-28.53,0.98,0.65,0.27,101560.36,39.33,0.09,0.49,-0.05
8882874,175.23,1.09,-28.54,0.98,0.64,0.27,101558.61,39.33,0.06,1.23,-0.01
8893057,175.23,1.09,-28.53,0.98,0.64,0.27,101558.09,39.33,0.09,0.72,-0.08
8904359,175.23,1.09,-28.54,0.97,0.65,0.24,101557.68,39.33,0.10,0.53,-0.02
8914560,175.22,1.08,-28.54,0.96,0.66,0.26,101557.64,39.33,0.10,0.58,0.27
8924739,175.22,1.08,-28.54,0.97,0.65,0.29,101556.33,39.33,0.18,0.51,0.05
8934909,175.22,1.09,-28.53,1.00,0.64,0.24,101555.33,39.33,0.15,0.53,0.01
8945097,175.23,1.09,-28.55,0.96,0.64,0.26,101556.38,39.33,0.07,0.50,0.47
8955272,175.23,1.09,-28.55,0.97,0.63,0.29,101555.91,39.33,0.13,0.69,0.09
8965439,175.25,1.10,-28.58,0.98,0.66,0.30,101555.01,39.33,0.18,0.72,0.02
8975612,175.25,1.10,-28.58,0.98,0.63,0.28,101557.16,39.33,0.23,0.57,0.00
8985807,175.24,1.10,-28.57,0.99,0.64,0.25,101556.99,39.33,0.12,0.43,-0.35
8995997,175.26,1.11,-28.60,0.96,0.64,0.27,101558.17,39.33,0.14,0.44,-0.15
9007285,175.25,1.10,-28.60,0.97,0.65,0.26,101557.96,39.33,0.18,0.52,0.17
9017471,175.25,1.11,-28.59,0.98,0.62,0.24,101556.33,39.33,0.08,0.57,0.15
9027482,175.25,1.10,-28.59,0.96,0.63,0.26,101556.13,39.33,0.13,0.62,0.30
9037602,175.24,1.10,-28.58,0.97,0.65,0.27,101556.72,39.33,0.10,0.71,0.37
9047605,175.25,1.09,-28.58,0.96,0.63,0.23,101556.91,39.33,0.06,0.45,0.39
9057705,175.25,1.10,-28.59,0.98,0.64,0.29,101556.53,39.33,0.21,0.48,0.08
9067890,175.27,1.10,-28.60,0.97,0.63,0.26,101556.52,39.33,0.08,0.53,0.17
9078075,175.26,1.11,-28.61,0.98,0.64,0.25,101556.76,39.33,0.21,0.57,0.03
9088268,175.27,1.11,-28.62,0.97,0.64,0.28,101557.96,39.33,0.20,0.43,0.09
9098466,175.26,1.10,-28.61,0.95,0.65,0.27,101557.33,39.33,0.24,0.52,0.06
9109758,175.27,1.09,-28.62,0.95,0.64,0.24,101556.85,39.33,-0.03,0.45,0.32
9119937,175.27,1.10,-28.63,0.98,0.63,0.31,101557.02,39.33,0.03,0.60,0.30
9129949,175.27,1.10,-28.63,0.97,0.64,0.29,101557.67,39.33,0.24,0.51,0.22
9140135,175.26,1.10,-28.62,0.99,0.65,0.25,101558.13,39.33,0.17,0.65,-0.07
9150129,175.28,1.11,-28.65,0.96,0.62,0.28,101558.22,39.33,0.11,0.52,-0.01
9160324,175.30,1.12,-28.67,0.98,0.62,0.26,101559.08,39.33,0.14,0.42,-0.16
9170338,175.32,1.12,-28.70,0.96,0.62,0.26,101559.19,39.33,0.11,0.51,-0.66
9180458,175.34,1.13,-28.72,0.97,0.63,0.28,101557.98,39.33,0.14,0.38,-0.05
9190468,175.35,1.14,-28.75,0.97,0.62,0.25,101555.55,39.33,0.14,0.66,0.11
9200558,175.36,1.14,-28.77,0.94,0.62,0.27,101554.75,39.33,0.07,0.64,0.02
9210780,175.38,1.14,-28.79,0.95,0.62,0.23,101556.98,39.33,0.17,0.52,0.00
9220906,175.39,1.15,-28.82,0.94,0.62,0.24,101559.16,39.33,0.07,0.49,0.27
9230898,175.40,1.15,-28.84,0.95,0.63,0.23,101558.24,39.33,0.09,0.49,0.05
9240992,175.39,1.15,-28.84,0.95,0.62,0.26,101557.80,39.33,0.06,0.61,0.01
9251178,175.39,1.14,-28.84,0.95,0.61,0.26,101558.73,39.33,0.17,0.47,0.20
9261354,175.39,1.15,-28.86,0.96,0.63,0.27,101558.70,39.33,0.23,0.52,0.04
9271553,175.38,1.15,-28.86,0.95,0.65,0.25,101558.88,39.33,0.08,0.50,0.13
9281746,175.37,1.14,-28.85,0.96,0.61,0.26,101560.60,39.33,0.25,0.57,-0.17
9291939,175.39,1.15,-28.89,0.95,0.63,0.27,101561.88,39.33,-0.03,0.66,-0.15
9302124,175.38,1.15,-28.88,0.97,0.63,0.26,101561.30,39.33,0.11,0.60,-0.23
9313404,175.36,1.15,-28.88,0.96,0.63,0.24,101559.96,39.33,0.06,0.59,-0.08
9323592,175.35,1.14,-28.87,0.94,0.63,0.23,101561.39,39.33,0.25,0.63,0.10
9333581,175.38,1.14,-28.91,0.93,0.61,0.26,101560.68,39.33,0.17,0.48,0.02
9343777,175.40,1.15,-28.95,0.95,0.63,0.25,101559.63,39.33,0.15,0.56,0.20
9353768,175.42,1.16,-28.99,0.94,0.61,0.23,101557.55,39.33,0.07,0.50,0.04
9363896,175.44,1.16,-29.03,0.93,0.61,0.27,101558.57,39.33,0.52,0.41,0.16
9373907,175.46,1.17,-29.07,0.94,0.62,0.30,101558.03,39.33,0.14,0.51,0.19
9384031,175.47,1.18,-29.10,0.95,0.61,0.24,101556.88,39.33,0.15,0.57,-0.12
9394036,175.49,1.19,-29.14,0.94,0.61,0.24,101557.81,39.33,0.07,0.58,0.02
9404146,175.48,1.19,-29.14,0.94,0.62,0.27,101559.03,39.33,0.09,0.51,0.16
9415477,175.46,1.18,-29.14,0.93,0.63,0.29,101560.20,39.33,0.10,0.53,0.23
9425669,175.44,1.17,-29.13,0.94,0.62,0.25,101559.51,39.33,0.21,0.54,0.08
9435666,175.43,1.17,-29.13,0.94,0.62,0.26,101560.03,39.33,0.08,0.58,0.02
9445852,175.42,1.16,-29.12,0.95,0.61,0.27,101559.91,39.33,0.09,0.47,0.12
9455853,175.38,1.14,-29.09,0.94,0.63,0.25,101559.83,39.33,0.21,0.60,0.18
9466037,175.35,1.13,-29.06,0.96,0.65,0.30,101557.17,39.33,0.16,0.63,0.19
9479471,175.29,1.13,-29.02,0.99,0.66,0.29,101558.27,39.33,0.15,0.13,-0.08
9489589,175.28,1.12,-29.02,0.96,0.64,0.27,101557.59,39.33,0.15,0.34,0.30
9499779,175.30,1.12,-29.03,0.95,0.62,0.27,101557.02,39.33,0.15,0.42,0.10
9509968,175.29,1.12,-29.03,0.97,0.64,0.28,101556.65,39.33,0.11,0.55,0.18
9521263,175.29,1.13,-29.04,0.98,0.63,0.22,101556.84,39.33,-0.10,0.50,0.19
9531468,175.27,1.12,-29.01,0.97,0.62,0.28,101557.28,39.33,0.25,0.33,0.08
9541662,175.27,1.11,-29.00,0.97,0.61,0.27,101556.55,39.33,0.29,0.42,0.13
9551851,175.26,1.11,-28.98,0.97,0.62,0.29,101555.77,39.33,0.21,0.51,0.18
9562045,175.27,1.11,-28.99,0.97,0.61,0.30,101555.68,39.33,0.08,0.53,0.19
9572246,175.28,1.11,-28.99,0.97,0.62,0.30,101555.34,39.33,0.06,0.54,0.27
9582444,175.28,1.11,-29.00,0.97,0.62,0.28,101556.15,39.33,0.05,0.69,-0.18
9592638,175.27,1.11,-28.99,0.97,0.64,0.25,101555.74,39.33,0.05,0.53,0.00
9602828,175.27,1.11,-29.00,0.96,0.63,0.26,101555.91,39.33,0.21,0.50,0.08
9612978,175.27,1.11,-28.99,0.98,0.62,0.28,101555.28,39.33,0.20,0.53,0.09
9624264,175.27,1.10,-28.98,0.97,0.63,0.23,101555.83,39.33,0.20,0.57,-0.14
9634454,175.27,1.12,-28.99,0.99,0.65,0.27,101557.78,39.33,0.00,0.66,-0.18
9644653,175.27,1.11,-29.00,0.96,0.64,0.26,101557.70,39.33,0.08,0.68,0.08
9654824,175.25,1.10,-28.97,0.96,0.62,0.24,101557.66,39.33,0.05,0.60,0.02
9665006,175.27,1.11,-28.99,0.96,0.63,0.25,101556.07,39.33,0.05,0.63,-0.23
9675197,175.26,1.10,-28.98,0.97,0.63,0.25,101555.66,39.33,0.09,0.56,-0.24
9685397,175.22,1.09,-28.94,0.97,0.65,0.27,101556.12,39.33,0.25,0.50,0.34
9695580,175.22,1.08,-28.94,0.97,0.64,0.25,101556.74,39.33,0.17,0.65,-0.17
9705771,175.25,1.09,-28.96,0.97,0.60,0.24,101558.21,39.33,0.27,0.60,-0.23
9715956,175.25,1.09,-28.96,0.99,0.62,0.28,101556.22,39.33,0.13,0.59,0.19
9727250,175.23,1.08,-28.93,0.97,0.63,0.27,101557.82,39.33,0.07,0.59,-0.20
9737441,175.22,1.07,-28.92,0.96,0.64,0.25,101557.74,39.33,0.05,0.59,0.16
9747614,175.21,1.07,-28.90,0.99,0.64,0.25,101556.14,39.33,0.21,0.47,0.03
9757802,175.22,1.08,-28.91,0.99,0.65,0.26,101557.01,39.33,0.08,0.60,0.24
9767986,175.21,1.08,-28.90,0.99,0.64,0.26,101557.11,39.33,0.09,0.39,0.13
9778178,175.21,1.08,-28.90,0.97,0.64,0.26,101557.98,39.33,0.21,0.51,-0.21
9788373,175.21,1.07,-28.90,0.98,0.63,0.25,101557.87,39.33,0.08,0.73,0.08
9798544,175.20,1.07,-28.88,0.98,0.65,0.28,101557.80,39.33,0.17,0.42,0.02
9808735,175.20,1.07,-28.88,0.98,0.65,0.26,101557.47,39.33,0.15,0.51,0.00
9818924,175.20,1.07,-28.89,0.97,0.66,0.28,101558.25,39.33,-0.13,0.61,0.12
